
=== opened /dev/cu.usbmodem31101 at +1.5s ===
[00:00:00.296,966] <err> qspi_nor: JEDEC id [85 60 15] expect [c8 40 15]
uart:~$ [00:00:00.297,546] <dbg> zmk: bvd_init: AIN7 setup returned 0
uart:~$ [00:00:00.297,607] <inf> tps43: === Azoteq tps43 driver for device trackpad@74 ===
uart:~$ [00:00:00.297,637] <inf> tps43: I2C bus: i2c@40003000
uart:~$ [00:00:00.297,668] <inf> tps43: I2C address: 0x74
uart:~$ [00:00:00.297,668] <inf> tps43: Values reset
uart:~$ [00:00:00.917,846] <inf> tps43: Hardware reset completed
uart:~$ [00:00:00.917,968] <err> i2c_nrfx_twi: Error 0x0BAE0001 occurred for message 0
uart:~$ [00:00:00.917,968] <err> tps43: Register 0x000f read error: -5
uart:~$ [00:00:01.020,599] <inf> tps43: Device ready after 100 ms
uart:~$ [00:00:01.020,599] <inf> tps43: SHOW_RESET detected, sending ACK_RESET and enable ATI
uart:~$ [00:00:01.031,097] <inf> tps43: Events configured: 0x47
uart:~$ [00:00:01.031,494] <inf> tps43: Single gestures enabled: 0x3D
uart:~$ [00:00:01.031,707] <inf> tps43: Multi-gestures enabled: 0x03
uart:~$ [00:00:01.031,921] <inf> tps43: Filter settings set: 0x0B
uart:~$ [00:00:01.032,196] <inf> tps43: Scroll angle set: 30 deg (reg: 0x24)
uart:~$ [00:00:01.032,440] <inf> tps43: Report rate LP2 set: 640 ms
uart:~$ [00:00:01.032,684] <inf> tps43: RDY interrupt configured
uart:~$ [00:00:01.032,684] <inf> tps43: Dumping TPS43 registers
uart:~$ [00:00:01.032,928] <inf> tps43: SYSTEM_INFO_0 (0x000F): 0xD2
uart:~$ [00:00:01.033,172] <inf> tps43: SYSTEM_INFO_1 (0x0010): 0x00
uart:~$ [00:00:01.033,416] <inf> tps43: SYSTEM_CONTROL_0 (0x0431): 0xA0
uart:~$ [00:00:01.033,660] <inf> tps43: SYSTEM_CONTROL_1 (0x0432): 0x00
uart:~$ [00:00:01.033,905] <inf> tps43: SYSTEM_CONFIG_0 (0x058E): 0x64
uart:~$ [00:00:01.034,149] <inf> tps43: SYSTEM_CONFIG_1 (0x058F): 0x47
uart:~$ [00:00:01.034,393] <inf> tps43: GLOBAL_ATI_C (0x056B): 0x01
uart:~$ [00:00:01.034,667] <inf> tps43: ATI_TARGET (0x056D): 0x02BC
uart:~$ [00:00:01.034,912] <inf> tps43: REF_DRIFT_LIMIT (0x0571): 0x4B
uart:~$ [00:00:01.035,156] <inf> tps43: REATI_LOWER_LIMIT (0x0573): 0x00
uart:~$ [00:00:01.035,400] <inf> tps43: REATI_UPPER_LIMIT (0x0574): 0xFF
uart:~$ [00:00:01.035,675] <inf> tps43: MAX_COUNT_LIMIT (0x0575): 0x07D0
uart:~$ [00:00:01.035,919] <inf> tps43: ATI_RETRY_TIME (0x0577): 0x05
uart:~$ [00:00:01.036,193] <inf> tps43: REPORT_RATE_ACTIVE (0x057A): 0x000D
uart:~$ [00:00:01.036,468] <inf> tps43: REPORT_RATE_IDLE_TOUCH (0x057C): 0x0032
uart:~$ [00:00:01.036,743] <inf> tps43: REPORT_RATE_IDLE (0x057E): 0x0032
uart:~$ [00:00:01.037,017] <inf> tps43: REPORT_RATE_LP1 (0x0580): 0x0050
uart:~$ [00:00:01.037,292] <inf> tps43: REPORT_RATE_LP2 (0x0582): 0x0280
uart:~$ [00:00:01.037,536] <inf> tps43: TIMEOUT_ACTIVE (0x0584): 0x05
uart:~$ [00:00:01.037,780] <inf> tps43: TIMEOUT_IDLE_TOUCH (0x0585): 0x3C
uart:~$ [00:00:01.038,024] <inf> tps43: TIMEOUT_IDLE (0x0586): 0x0A
uart:~$ [00:00:01.038,269] <inf> tps43: TIMEOUT_LP1 (0x0587): 0x01
uart:~$ [00:00:01.038,513] <inf> tps43: REF_UPDATE_TIME (0x0588): 0x08
uart:~$ [00:00:01.038,757] <inf> tps43: XY_STATIC_BETA (0x0633): 0x80
uart:~$ [00:00:01.039,001] <inf> tps43: ALP_COUNT_BETA (0x0634): 0x32
uart:~$ [00:00:01.039,215] <inf> tps43: ALP1_LTA_BETA (0x0635): 0x08
uart:~$ [00:00:01.039,459] <inf> tps43: ALP2_LTA_BETA (0x0636): 0x06
uart:~$ [00:00:01.039,703] <inf> tps43: XY_DYNAMIC_FILTER_BOTTOM (0x0637): 0x07
uart:~$ [00:00:01.039,947] <inf> tps43: XY_DYNAMIC_FILTER_LOWER (0x0638): 0x06
uart:~$ [00:00:01.040,222] <inf> tps43: XY_DYNAMIC_FILTER_UPPER (0x0639): 0x00FA
uart:~$ [00:00:01.040,496] <inf> tps43: X_RESOLUTION (0x066E): 0x0400
uart:~$ [00:00:01.040,771] <inf> tps43: Y_RESOLUTION (0x0670): 0x0400
uart:~$ [00:00:01.041,046] <inf> tps43: TAP_TIME (0x06B9): 150 ms
uart:~$ [00:00:01.041,320] <inf> tps43: TAP_DISTANCE (0x06BB): 25 px
uart:~$ [00:00:01.041,595] <inf> tps43: HOLD_TIME (0x06BD): 300 ms
uart:~$ [00:00:01.041,900] <inf> tps43: SWIPE_INITIAL_TIME (0x06BF): 150 ms
uart:~$ [00:00:01.042,175] <inf> tps43: SWIPE_INITIAL_DISTANCE (0x06C1): 300 px
uart:~$ [00:00:01.042,449] <inf> tps43: SWIPE_CONSECUTIVE_TIME (0x06C3): 0 ms
uart:~$ [00:00:01.042,724] <inf> tps43: SWIPE_CONSECUTIVE_DISTANCE (0x06C5): 2000 px
uart:~$ [00:00:01.042,968] <inf> tps43: SWIPE_ANGLE (0x06C7): 0x17
uart:~$ [00:00:01.043,243] <inf> tps43: SCROLL_INITIAL_DISTANCE (0x06C8): 50 px
uart:~$ [00:00:01.043,487] <inf> tps43: SCROLL_ANGLE (0x06CA): 0x24
uart:~$ [00:00:01.043,762] <inf> tps43: ZOOM_INITIAL_DISTANCE (0x06CB): 50 px
uart:~$ [00:00:01.044,036] <inf> tps43: ZOOM_CONSECUTIVE_DISTANCE (0x06CD): 25 px
uart:~$ [00:00:01.044,189] <inf> tps43: TPS43 driver successfully initialized
uart:~$ *** Booting Zephyr OS build dacab4875df7 ***
uart:~$ [00:00:01.051,544] <inf> fs_nvs: 8 Sectors of 4096 bytes
uart:~$ [00:00:01.051,544] <inf> fs_nvs: alloc wra: 0, fd0
uart:~$ [00:00:01.051,574] <inf> fs_nvs: data wra: 0, 1c
uart:~$ [00:00:01.053,497] <inf> bt_hci_core: HW Platform: Nordic Semiconductor (0x0002)
uart:~$ [00:00:01.053,527] <inf> bt_hci_core: HW Variant: nRF52x (0x0002)
uart:~$ [00:00:01.053,558] <inf> bt_hci_core: Firmware: Standard Bluetooth controller (0x00) Version 3.5 Build 0
uart:~$ [00:00:01.053,894] <inf> bt_hci_core: No ID address. App must call settings_load()
uart:~$ [00:00:01.053,985] <dbg> zmk: kscan_matrix_init_input_inst: Configured pin 1 on gpio@50000300 for input
uart:~$ [00:00:01.054,046] <dbg> zmk: kscan_matrix_init_input_inst: Configured pin 19 on gpio@50000000 for input
uart:~$ [00:00:01.054,077] <dbg> zmk: kscan_matrix_init_input_inst: Configured pin 28 on gpio@50000000 for input
uart:~$ [00:00:01.054,138] <dbg> zmk: kscan_matrix_init_input_inst: Configured pin 29 on gpio@50000000 for input
uart:~$ [00:00:01.054,168] <dbg> zmk: kscan_matrix_init_output_inst: Configured pin 12 on gpio@50000300 for output
uart:~$ [00:00:01.054,229] <dbg> zmk: kscan_matrix_init_output_inst: Configured pin 11 on gpio@50000300 for output
uart:~$ [00:00:01.054,290] <dbg> zmk: kscan_matrix_init_output_inst: Configured pin 5 on gpio@50000000 for output
uart:~$ [00:00:01.054,321] <dbg> zmk: kscan_matrix_init_output_inst: Configured pin 10 on gpio@50000000 for output
uart:~$ [00:00:01.054,382] <dbg> zmk: kscan_matrix_init_output_inst: Configured pin 4 on gpio@50000000 for output
uart:~$ [00:00:01.054,412] <dbg> zmk: kscan_matrix_init_output_inst: Configured pin 9 on gpio@50000000 for output
uart:~$ [00:00:01.055,572] <inf> zmk: Welcome to ZMK!

uart:~$ [00:00:01.055,816] <dbg> zmk: zmk_usb_get_conn_state: state: 2
uart:~$ [00:00:01.055,847] <dbg> zmk: zmk_usb_get_conn_state: state: 2
uart:~$ [00:00:01.056,091] <inf> bt_hci_core: Identity: FF:C2:D1:52:E8:50 (random)
uart:~$ [00:00:01.056,121] <inf> bt_hci_core: HCI: version 5.4 (0x0d) revision 0x0000, manufacturer 0x05f1
uart:~$ [00:00:01.056,152] <inf> bt_hci_core: LMP: version 5.4 (0x0d) subver 0xffff
uart:~$ [00:00:01.058,929] <dbg> zmk: zmk_usb_get_conn_state: state: 5
uart:~$ [00:00:01.058,959] <dbg> zmk: zmk_usb_get_conn_state: state: 5
uart:~$ [00:00:01.186,401] <dbg> zmk: zmk_usb_get_conn_state: state: 6
uart:~$ [00:00:01.186,492] <dbg> zmk: zmk_usb_get_conn_state: state: 1
uart:~$ [00:00:01.186,523] <dbg> zmk: zmk_usb_get_conn_state: state: 1
uart:~$ [00:00:01.239,624] <dbg> zmk: zmk_usb_get_conn_state: state: 3
uart:~$ [00:00:01.239,715] <dbg> zmk: zmk_usb_get_conn_state: state: 3
uart:~$ [00:00:01.338,104] <inf> zmk: Indicating initial battery status
uart:~$ [00:00:01.342,681] <dbg> zmk: bvd_sample_fetch: ADC raw 1447 ~ 1271 mV => 3763 mV
uart:~$ [00:00:01.342,681] <dbg> zmk: bvd_sample_fetch: Percent: 42
uart:~$ [00:00:01.342,712] <dbg> zmk: split_peripheral_listener: 
uart:~$ [00:00:01.342,742] <dbg> zmk: zmk_battery_update: Setting BAS GATT battery level to 42.
uart:~$ [00:00:01.438,232] <inf> zmk: Battery level 42, blinking green
uart:~$ [00:00:01.438,262] <dbg> zmk: led_process_thread: Got a blink item from msgq, color 2, duration 2000
uart:~$ [00:00:01.494,995] <inf> bas: BAS Notifications enabled
uart:~$ uart:~$ uart:~$ [00:00:03.938,323] <inf> zmk: Indicating initial connectivity status
uart:~$ [00:00:03.938,354] <inf> zmk: Finished initializing LED widget
uart:~$ [00:00:03.954,467] <inf> zmk: Peripheral connected, blinking blue
uart:~$ [00:00:03.962,188] <dbg> zmk: led_process_thread: Got a blink item from msgq, color 4, duration 1000
uart:~$ uart:~$ [00:00:09.417,144] <dbg> zmk: kscan_matrix_read: Sending event at 1,3 state on
uart:~$ [00:00:09.417,266] <dbg> zmk: zmk_physical_layouts_kscan_process_msgq: Row: 1, col: 3, position: 21, pressed: true
uart:~$ [00:00:09.417,297] <dbg> zmk: split_peripheral_listener: 
uart:~$ [00:00:09.417,388] <dbg> zmk: send_position_state_callback: Error notifying -128
uart:~$ [00:00:09.496,124] <dbg> zmk: kscan_matrix_read: Sending event at 1,2 state on
uart:~$ [00:00:09.496,246] <dbg> zmk: zmk_physical_layouts_kscan_process_msgq: Row: 1, col: 2, position: 20, pressed: true
uart:~$ [00:00:09.496,276] <dbg> zmk: split_peripheral_listener: 
uart:~$ [00:00:09.496,337] <dbg> zmk: send_position_state_callback: Error notifying -128
uart:~$ uart:~$ [00:00:09.575,134] <dbg> zmk: kscan_matrix_read: Sending event at 1,1 state on
uart:~$ [00:00:09.575,256] <dbg> zmk: zmk_physical_layouts_kscan_process_msgq: Row: 1, col: 1, position: 19, pressed: true
uart:~$ [00:00:09.575,286] <dbg> zmk: split_peripheral_listener: 
uart:~$ [00:00:09.575,378] <dbg> zmk: send_position_state_callback: Error notifying -128
uart:~$ [00:00:09.637,145] <dbg> zmk: kscan_matrix_read: Sending event at 1,3 state off
uart:~$ [00:00:09.637,268] <dbg> zmk: zmk_physical_layouts_kscan_process_msgq: Row: 1, col: 3, position: 21, pressed: false
uart:~$ [00:00:09.637,298] <dbg> zmk: split_peripheral_listener: 
uart:~$ [00:00:09.637,359] <dbg> zmk: send_position_state_callback: Error notifying -128
uart:~$ [00:00:09.645,141] <dbg> zmk: kscan_matrix_read: Sending event at 1,2 state off
uart:~$ [00:00:09.645,263] <dbg> zmk: zmk_physical_layouts_kscan_process_msgq: Row: 1, col: 2, position: 20, pressed: false
uart:~$ [00:00:09.645,294] <dbg> zmk: split_peripheral_listener: 
uart:~$ [00:00:09.645,385] <dbg> zmk: send_position_state_callback: Error notifying -128
uart:~$ uart:~$ [00:00:09.780,151] <dbg> zmk: kscan_matrix_read: Sending event at 1,1 state off
uart:~$ [00:00:09.780,273] <dbg> zmk: zmk_physical_layouts_kscan_process_msgq: Row: 1, col: 1, position: 19, pressed: false
uart:~$ [00:00:09.780,303] <dbg> zmk: split_peripheral_listener: 
uart:~$ [00:00:09.780,395] <dbg> zmk: send_position_state_callback: Error notifying -128
uart:~$ [00:00:09.785,125] <dbg> zmk: kscan_matrix_read: Sending event at 1,3 state on
uart:~$ [00:00:09.785,247] <dbg> zmk: zmk_physical_layouts_kscan_process_msgq: Row: 1, col: 3, position: 21, pressed: true
uart:~$ [00:00:09.785,278] <dbg> zmk: split_peripheral_listener: 
uart:~$ [00:00:09.785,339] <dbg> zmk: send_position_state_callback: Error notifying -128
uart:~$ [00:00:09.801,147] <dbg> zmk: kscan_matrix_read: Sending event at 0,3 state on
uart:~$ [00:00:09.801,269] <dbg> zmk: zmk_physical_layouts_kscan_process_msgq: Row: 0, col: 3, position: 9, pressed: true
uart:~$ [00:00:09.801,300] <dbg> zmk: split_peripheral_listener: 
uart:~$ [00:00:09.801,391] <dbg> zmk: send_position_state_callback: Error notifying -128
uart:~$ uart:~$ [00:00:09.828,155] <dbg> zmk: kscan_matrix_read: Sending event at 1,2 state on
uart:~$ [00:00:09.828,277] <dbg> zmk: zmk_physical_layouts_kscan_process_msgq: Row: 1, col: 2, position: 20, pressed: true
uart:~$ [00:00:09.828,308] <dbg> zmk: split_peripheral_listener: 
uart:~$ [00:00:09.828,552] <dbg> zmk: send_position_state_callback: Error notifying -128
uart:~$ [00:00:09.885,131] <dbg> zmk: kscan_matrix_read: Sending event at 0,3 state off
uart:~$ [00:00:09.885,253] <dbg> zmk: zmk_physical_layouts_kscan_process_msgq: Row: 0, col: 3, position: 9, pressed: false
uart:~$ [00:00:09.885,284] <dbg> zmk: split_peripheral_listener: 
uart:~$ [00:00:09.885,345] <dbg> zmk: send_position_state_callback: Error notifying -128
uart:~$ uart:~$ [00:00:09.978,210] <dbg> zmk: kscan_matrix_read: Sending event at 1,2 state off
uart:~$ [00:00:09.978,332] <dbg> zmk: zmk_physical_layouts_kscan_process_msgq: Row: 1, col: 2, position: 20, pressed: false
uart:~$ [00:00:09.978,363] <dbg> zmk: split_peripheral_listener: 
uart:~$ [00:00:09.978,454] <dbg> zmk: send_position_state_callback: Error notifying -128
uart:~$ [00:00:10.004,150] <dbg> zmk: kscan_matrix_read: Sending event at 1,1 state on
uart:~$ [00:00:10.004,272] <dbg> zmk: zmk_physical_layouts_kscan_process_msgq: Row: 1, col: 1, position: 19, pressed: true
uart:~$ [00:00:10.004,302] <dbg> zmk: split_peripheral_listener: 
uart:~$ [00:00:10.004,364] <dbg> zmk: send_position_state_callback: Error notifying -128
uart:~$ [00:00:10.007,141] <dbg> zmk: kscan_matrix_read: Sending event at 1,3 state off
uart:~$ [00:00:10.007,263] <dbg> zmk: zmk_physical_layouts_kscan_process_msgq: Row: 1, col: 3, position: 21, pressed: false
uart:~$ [00:00:10.007,293] <dbg> zmk: split_peripheral_listener: 
uart:~$ [00:00:10.007,385] <dbg> zmk: send_position_state_callback: Error notifying -128
uart:~$ uart:~$ [00:00:10.014,160] <dbg> zmk: kscan_matrix_read: Sending event at 1,3 state on
uart:~$ [00:00:10.014,312] <dbg> zmk: zmk_physical_layouts_kscan_process_msgq: Row: 1, col: 3, position: 21, pressed: true
uart:~$ [00:00:10.014,312] <dbg> zmk: split_peripheral_listener: 
uart:~$ [00:00:10.014,404] <dbg> zmk: send_position_state_callback: Error notifying -128
uart:~$ [00:00:10.075,195] <dbg> zmk: kscan_matrix_read: Sending event at 1,1 state off
uart:~$ [00:00:10.075,317] <dbg> zmk: zmk_physical_layouts_kscan_process_msgq: Row: 1, col: 1, position: 19, pressed: false
uart:~$ [00:00:10.075,317] <dbg> zmk: split_peripheral_listener: 
uart:~$ [00:00:10.075,439] <dbg> zmk: send_position_state_callback: Error notifying -128
uart:~$ uart:~$ [00:00:10.157,196] <dbg> zmk: kscan_matrix_read: Sending event at 1,2 state on
uart:~$ [00:00:10.157,318] <dbg> zmk: zmk_physical_layouts_kscan_process_msgq: Row: 1, col: 2, position: 20, pressed: true
uart:~$ [00:00:10.157,348] <dbg> zmk: split_peripheral_listener: 
uart:~$ [00:00:10.157,592] <dbg> zmk: send_position_state_callback: Error notifying -128
uart:~$ [00:00:10.224,151] <dbg> zmk: kscan_matrix_read: Sending event at 1,1 state on
uart:~$ [00:00:10.224,273] <dbg> zmk: zmk_physical_layouts_kscan_process_msgq: Row: 1, col: 1, position: 19, pressed: true
uart:~$ [00:00:10.224,304] <dbg> zmk: split_peripheral_listener: 
uart:~$ [00:00:10.224,365] <dbg> zmk: send_position_state_callback: Error notifying -128
uart:~$ uart:~$ [00:00:10.263,153] <dbg> zmk: kscan_matrix_read: Sending event at 1,2 state off
uart:~$ [00:00:10.263,305] <dbg> zmk: zmk_physical_layouts_kscan_process_msgq: Row: 1, col: 2, position: 20, pressed: false
uart:~$ [00:00:10.263,336] <dbg> zmk: split_peripheral_listener: 
uart:~$ [00:00:10.263,549] <dbg> zmk: send_position_state_callback: Error notifying -128
uart:~$ [00:00:10.274,139] <dbg> zmk: kscan_matrix_read: Sending event at 1,3 state off
uart:~$ [00:00:10.274,261] <dbg> zmk: zmk_physical_layouts_kscan_process_msgq: Row: 1, col: 3, position: 21, pressed: false
uart:~$ [00:00:10.274,261] <dbg> zmk: split_peripheral_listener: 
uart:~$ [00:00:10.274,353] <dbg> zmk: send_position_state_callback: Error notifying -128
uart:~$ uart:~$ [00:00:10.374,176] <dbg> zmk: kscan_matrix_read: Sending event at 1,3 state on
uart:~$ [00:00:10.374,298] <dbg> zmk: zmk_physical_layouts_kscan_process_msgq: Row: 1, col: 3, position: 21, pressed: true
uart:~$ [00:00:10.374,328] <dbg> zmk: split_peripheral_listener: 
uart:~$ [00:00:10.374,694] <dbg> zmk: send_position_state_callback: Error notifying -128
uart:~$ [00:00:10.388,153] <dbg> zmk: kscan_matrix_read: Sending event at 1,1 state off
uart:~$ [00:00:10.388,305] <dbg> zmk: zmk_physical_layouts_kscan_process_msgq: Row: 1, col: 1, position: 19, pressed: false
uart:~$ [00:00:10.388,305] <dbg> zmk: split_peripheral_listener: 
uart:~$ [00:00:10.388,427] <dbg> zmk: send_position_state_callback: Error notifying -128
uart:~$ [00:00:10.449,127] <dbg> zmk: kscan_matrix_read: Sending event at 1,2 state on
uart:~$ [00:00:10.449,249] <dbg> zmk: zmk_physical_layouts_kscan_process_msgq: Row: 1, col: 2, position: 20, pressed: true
uart:~$ [00:00:10.449,279] <dbg> zmk: split_peripheral_listener: 
uart:~$ [00:00:10.449,371] <dbg> zmk: send_position_state_callback: Error notifying -128
uart:~$ uart:~$ [00:00:10.552,124] <dbg> zmk: kscan_matrix_read: Sending event at 1,1 state on
uart:~$ [00:00:10.552,246] <dbg> zmk: zmk_physical_layouts_kscan_process_msgq: Row: 1, col: 1, position: 19, pressed: true
uart:~$ [00:00:10.552,276] <dbg> zmk: split_peripheral_listener: 
uart:~$ [00:00:10.552,368] <dbg> zmk: send_position_state_callback: Error notifying -128
uart:~$ [00:00:10.555,145] <dbg> zmk: kscan_matrix_read: Sending event at 1,3 state off
uart:~$ [00:00:10.555,267] <dbg> zmk: zmk_physical_layouts_kscan_process_msgq: Row: 1, col: 3, position: 21, pressed: false
uart:~$ [00:00:10.555,297] <dbg> zmk: split_peripheral_listener: 
uart:~$ [00:00:10.555,358] <dbg> zmk: send_position_state_callback: Error notifying -128
uart:~$ [00:00:10.573,150] <dbg> zmk: kscan_matrix_read: Sending event at 1,2 state off
uart:~$ [00:00:10.573,272] <dbg> zmk: zmk_physical_layouts_kscan_process_msgq: Row: 1, col: 2, position: 20, pressed: false
uart:~$ [00:00:10.573,303] <dbg> zmk: split_peripheral_listener: 
uart:~$ [00:00:10.573,394] <dbg> zmk: send_position_state_callback: Error notifying -128
uart:~$ uart:~$ [00:00:10.678,131] <dbg> zmk: kscan_matrix_read: Sending event at 1,3 state on
uart:~$ [00:00:10.678,253] <dbg> zmk: zmk_physical_layouts_kscan_process_msgq: Row: 1, col: 3, position: 21, pressed: true
uart:~$ [00:00:10.678,283] <dbg> zmk: split_peripheral_listener: 
uart:~$ [00:00:10.678,375] <dbg> zmk: send_position_state_callback: Error notifying -128
uart:~$ [00:00:10.694,122] <dbg> zmk: kscan_matrix_read: Sending event at 1,1 state off
uart:~$ [00:00:10.694,244] <dbg> zmk: zmk_physical_layouts_kscan_process_msgq: Row: 1, col: 1, position: 19, pressed: false
uart:~$ [00:00:10.694,274] <dbg> zmk: split_peripheral_listener: 
uart:~$ [00:00:10.694,335] <dbg> zmk: send_position_state_callback: Error notifying -128
uart:~$ [00:00:10.720,123] <dbg> zmk: kscan_matrix_read: Sending event at 1,2 state on
uart:~$ [00:00:10.720,245] <dbg> zmk: zmk_physical_layouts_kscan_process_msgq: Row: 1, col: 2, position: 20, pressed: true
uart:~$ [00:00:10.720,275] <dbg> zmk: split_peripheral_listener: 
uart:~$ [00:00:10.720,367] <dbg> zmk: send_position_state_callback: Error notifying -128
uart:~$ uart:~$ [00:00:10.845,123] <dbg> zmk: kscan_matrix_read: Sending event at 1,1 state on
uart:~$ [00:00:10.845,245] <dbg> zmk: zmk_physical_layouts_kscan_process_msgq: Row: 1, col: 1, position: 19, pressed: true
uart:~$ [00:00:10.845,275] <dbg> zmk: split_peripheral_listener: 
uart:~$ [00:00:10.845,367] <dbg> zmk: send_position_state_callback: Error notifying -128
uart:~$ [00:00:10.861,145] <dbg> zmk: kscan_matrix_read: Sending event at 1,2 state off
uart:~$ [00:00:10.861,267] <dbg> zmk: zmk_physical_layouts_kscan_process_msgq: Row: 1, col: 2, position: 20, pressed: false
uart:~$ [00:00:10.861,297] <dbg> zmk: split_peripheral_listener: 
uart:~$ [00:00:10.861,358] <dbg> zmk: send_position_state_callback: Error notifying -128
uart:~$ [00:00:10.891,143] <dbg> zmk: kscan_matrix_read: Sending event at 1,3 state off
uart:~$ [00:00:10.891,265] <dbg> zmk: zmk_physical_layouts_kscan_process_msgq: Row: 1, col: 3, position: 21, pressed: false
uart:~$ [00:00:10.891,296] <dbg> zmk: split_peripheral_listener: 
uart:~$ [00:00:10.891,387] <dbg> zmk: send_position_state_callback: Error notifying -128
uart:~$ uart:~$ [00:00:10.992,126] <dbg> zmk: kscan_matrix_read: Sending event at 1,3 state on
uart:~$ [00:00:10.992,248] <dbg> zmk: zmk_physical_layouts_kscan_process_msgq: Row: 1, col: 3, position: 21, pressed: true
uart:~$ [00:00:10.992,279] <dbg> zmk: split_peripheral_listener: 
uart:~$ [00:00:10.992,340] <dbg> zmk: send_position_state_callback: Error notifying -128
uart:~$ [00:00:11.000,122] <dbg> zmk: kscan_matrix_read: Sending event at 1,1 state off
uart:~$ [00:00:11.000,244] <dbg> zmk: zmk_physical_layouts_kscan_process_msgq: Row: 1, col: 1, position: 19, pressed: false
uart:~$ [00:00:11.000,274] <dbg> zmk: split_peripheral_listener: 
uart:~$ [00:00:11.000,335] <dbg> zmk: send_position_state_callback: Error notifying -128
uart:~$ [00:00:11.010,131] <dbg> zmk: kscan_matrix_read: Sending event at 1,2 state on
uart:~$ [00:00:11.010,253] <dbg> zmk: zmk_physical_layouts_kscan_process_msgq: Row: 1, col: 2, position: 20, pressed: true
uart:~$ [00:00:11.010,284] <dbg> zmk: split_peripheral_listener: 
uart:~$ [00:00:11.010,375] <dbg> zmk: send_position_state_callback: Error notifying -128
uart:~$ uart:~$ [00:00:11.120,147] <dbg> zmk: kscan_matrix_read: Sending event at 1,2 state off
uart:~$ [00:00:11.120,269] <dbg> zmk: zmk_physical_layouts_kscan_process_msgq: Row: 1, col: 2, position: 20, pressed: false
uart:~$ [00:00:11.120,300] <dbg> zmk: split_peripheral_listener: 
uart:~$ [00:00:11.120,391] <dbg> zmk: send_position_state_callback: Error notifying -128
uart:~$ [00:00:11.150,146] <dbg> zmk: kscan_matrix_read: Sending event at 1,1 state on
uart:~$ [00:00:11.150,268] <dbg> zmk: zmk_physical_layouts_kscan_process_msgq: Row: 1, col: 1, position: 19, pressed: true
uart:~$ [00:00:11.150,299] <dbg> zmk: split_peripheral_listener: 
uart:~$ [00:00:11.150,360] <dbg> zmk: send_position_state_callback: Error notifying -128
uart:~$ [00:00:11.179,138] <dbg> zmk: kscan_matrix_read: Sending event at 1,3 state off
uart:~$ [00:00:11.179,260] <dbg> zmk: zmk_physical_layouts_kscan_process_msgq: Row: 1, col: 3, position: 21, pressed: false
uart:~$ [00:00:11.179,290] <dbg> zmk: split_peripheral_listener: 
uart:~$ [00:00:11.179,382] <dbg> zmk: send_position_state_callback: Error notifying -128
uart:~$ uart:~$ [00:00:11.347,137] <dbg> zmk: kscan_matrix_read: Sending event at 1,1 state off
uart:~$ [00:00:11.347,290] <dbg> zmk: zmk_physical_layouts_kscan_process_msgq: Row: 1, col: 1, position: 19, pressed: false
uart:~$ [00:00:11.347,320] <dbg> zmk: split_peripheral_listener: 
uart:~$ [00:00:11.347,381] <dbg> zmk: send_position_state_callback: Error notifying -128
uart:~$ uart:~$ [00:00:11.673,034] <inf> tps43: Touch state changed: down
uart:~$ [00:00:11.738,952] <inf> tps43: Sending movement: dx=-51, dy=2
uart:~$ [00:00:11.753,143] <inf> tps43: Sending movement: dx=-73, dy=18
uart:~$ [00:00:11.765,228] <inf> tps43: Sending movement: dx=-63, dy=30
uart:~$ uart:~$ [00:00:11.777,954] <inf> tps43: Sending movement: dx=-42, dy=32
uart:~$ [00:00:11.791,442] <inf> tps43: Sending movement: dx=-28, dy=36
uart:~$ [00:00:11.804,016] <inf> tps43: Sending movement: dx=-20, dy=45
uart:~$ [00:00:11.817,016] <inf> tps43: Sending movement: dx=-12, dy=42
uart:~$ [00:00:11.830,810] <inf> tps43: Sending movement: dx=-3, dy=42
uart:~$ [00:00:11.843,872] <inf> tps43: Sending movement: dx=4, dy=43
uart:~$ [00:00:11.857,391] <inf> tps43: Sending movement: dx=13, dy=30
uart:~$ [00:00:11.870,727] <inf> tps43: Sending movement: dx=41, dy=20
uart:~$ uart:~$ [00:00:11.884,643] <inf> tps43: Sending movement: dx=87, dy=2
uart:~$ [00:00:11.897,644] <inf> tps43: Sending movement: dx=111, dy=-23
uart:~$ [00:00:11.910,156] <inf> tps43: Sending movement: dx=96, dy=-32
uart:~$ [00:00:11.923,675] <inf> tps43: Sending movement: dx=65, dy=-29
uart:~$ [00:00:11.937,347] <inf> tps43: Sending movement: dx=44, dy=-27
uart:~$ [00:00:11.950,195] <inf> tps43: Sending movement: dx=27, dy=-27
uart:~$ [00:00:11.962,951] <inf> tps43: Sending movement: dx=17, dy=-27
uart:~$ [00:00:11.976,593] <inf> tps43: Sending movement: dx=7, dy=-24
uart:~$ uart:~$ [00:00:11.989,440] <inf> tps43: Sending movement: dx=-1, dy=-27
uart:~$ [00:00:12.003,143] <inf> tps43: Sending movement: dx=-15, dy=-29
uart:~$ [00:00:12.015,808] <inf> tps43: Sending movement: dx=-35, dy=-29
uart:~$ [00:00:12.029,602] <inf> tps43: Sending movement: dx=-50, dy=-18
uart:~$ [00:00:12.042,022] <inf> tps43: Sending movement: dx=-60, dy=-4
uart:~$ [00:00:12.056,060] <inf> tps43: Sending movement: dx=-60, dy=8
uart:~$ [00:00:12.068,389] <inf> tps43: Sending movement: dx=-50, dy=17
uart:~$ [00:00:12.081,359] <inf> tps43: Sending movement: dx=-36, dy=22
uart:~$ uart:~$ [00:00:12.094,635] <inf> tps43: Sending movement: dx=-23, dy=22
uart:~$ [00:00:12.107,910] <inf> tps43: Sending movement: dx=-13, dy=24
uart:~$ [00:00:12.121,063] <inf> tps43: Sending movement: dx=-2, dy=26
uart:~$ [00:00:12.133,789] <inf> tps43: Sending movement: dx=12, dy=27
uart:~$ [00:00:12.147,155] <inf> tps43: Sending movement: dx=39, dy=30
uart:~$ [00:00:12.159,729] <inf> tps43: Sending movement: dx=68, dy=27
uart:~$ [00:00:12.173,278] <inf> tps43: Sending movement: dx=83, dy=13
uart:~$ [00:00:12.186,218] <inf> tps43: Sending movement: dx=87, dy=0
uart:~$ uart:~$ [00:00:12.199,523] <inf> tps43: Sending movement: dx=71, dy=-9
uart:~$ [00:00:12.213,592] <inf> tps43: Sending movement: dx=54, dy=-16
uart:~$ [00:00:12.226,745] <inf> tps43: Sending movement: dx=39, dy=-18
uart:~$ [00:00:12.239,196] <inf> tps43: Sending movement: dx=24, dy=-20
uart:~$ [00:00:12.252,197] <inf> tps43: Sending movement: dx=18, dy=-25
uart:~$ [00:00:12.265,899] <inf> tps43: Sending movement: dx=8, dy=-28
uart:~$ [00:00:12.279,113] <inf> tps43: Sending movement: dx=-1, dy=-31
uart:~$ [00:00:12.291,198] <inf> tps43: Sending movement: dx=-18, dy=-36
uart:~$ uart:~$ [00:00:12.304,534] <inf> tps43: Sending movement: dx=-37, dy=-36
uart:~$ [00:00:12.317,596] <inf> tps43: Sending movement: dx=-52, dy=-27
uart:~$ [00:00:12.330,902] <inf> tps43: Sending movement: dx=-69, dy=-16
uart:~$ [00:00:12.343,902] <inf> tps43: Sending movement: dx=-59, dy=-5
uart:~$ [00:00:12.357,299] <inf> tps43: Sending movement: dx=-52, dy=6
uart:~$ [00:00:12.370,300] <inf> tps43: Sending movement: dx=-54, dy=16
uart:~$ [00:00:12.384,124] <inf> tps43: Sending movement: dx=-39, dy=23
uart:~$ [00:00:12.396,423] <inf> tps43: Sending movement: dx=-27, dy=27
uart:~$ uart:~$ [00:00:12.409,667] <inf> tps43: Sending movement: dx=-16, dy=27
uart:~$ [00:00:12.423,797] <inf> tps43: Sending movement: dx=-9, dy=28
uart:~$ [00:00:12.436,187] <inf> tps43: Sending movement: dx=4, dy=30
uart:~$ [00:00:12.449,310] <inf> tps43: Sending movement: dx=16, dy=28
uart:~$ [00:00:12.462,371] <inf> tps43: Sending movement: dx=34, dy=26
uart:~$ [00:00:12.475,250] <inf> tps43: Sending movement: dx=45, dy=20
uart:~$ [00:00:12.488,586] <inf> tps43: Sending movement: dx=51, dy=10
uart:~$ [00:00:12.501,617] <inf> tps43: Sending movement: dx=49, dy=1
uart:~$ uart:~$ [00:00:12.515,472] <inf> tps43: Sending movement: dx=44, dy=-7
uart:~$ [00:00:12.528,564] <inf> tps43: Sending movement: dx=41, dy=-13
uart:~$ [00:00:12.541,137] <inf> tps43: Sending movement: dx=30, dy=-19
uart:~$ [00:00:12.553,985] <inf> tps43: Sending movement: dx=23, dy=-27
uart:~$ [00:00:12.567,443] <inf> tps43: Sending movement: dx=17, dy=-36
uart:~$ [00:00:12.580,810] <inf> tps43: Sending movement: dx=8, dy=-45
uart:~$ [00:00:12.593,872] <inf> tps43: Sending movement: dx=-1, dy=-44
uart:~$ [00:00:12.607,757] <inf> tps43: Sending movement: dx=-13, dy=-40
uart:~$ uart:~$ [00:00:12.620,452] <inf> tps43: Sending movement: dx=-23, dy=-37
uart:~$ [00:00:12.633,544] <inf> tps43: Sending movement: dx=-30, dy=-29
uart:~$ [00:00:12.646,514] <inf> tps43: Sending movement: dx=-33, dy=-18
uart:~$ [00:00:12.659,576] <inf> tps43: Sending movement: dx=-36, dy=-9
uart:~$ [00:00:12.673,278] <inf> tps43: Sending movement: dx=-42, dy=1
uart:~$ [00:00:12.686,401] <inf> tps43: Sending movement: dx=-44, dy=15
uart:~$ [00:00:12.698,760] <inf> tps43: Sending movement: dx=-39, dy=22
uart:~$ [00:00:12.711,822] <inf> tps43: Sending movement: dx=-28, dy=25
uart:~$ uart:~$ [00:00:12.725,677] <inf> tps43: Sending movement: dx=-22, dy=33
uart:~$ [00:00:12.737,976] <inf> tps43: Sending movement: dx=-16, dy=36
uart:~$ [00:00:12.751,312] <inf> tps43: Sending movement: dx=-6, dy=31
uart:~$ [00:00:12.764,862] <inf> tps43: Sending movement: dx=0, dy=27
uart:~$ [00:00:12.778,320] <inf> tps43: Sending movement: dx=9, dy=26
uart:~$ [00:00:12.791,656] <inf> tps43: Sending movement: dx=18, dy=22
uart:~$ [00:00:12.804,168] <inf> tps43: Sending movement: dx=29, dy=16
uart:~$ [00:00:12.817,840] <inf> tps43: Sending movement: dx=38, dy=7
uart:~$ uart:~$ [00:00:12.830,505] <inf> tps43: Sending movement: dx=42, dy=-6
uart:~$ [00:00:12.843,109] <inf> tps43: Sending movement: dx=41, dy=-15
uart:~$ [00:00:12.857,055] <inf> tps43: Sending movement: dx=30, dy=-22
uart:~$ [00:00:12.870,025] <inf> tps43: Sending movement: dx=24, dy=-30
uart:~$ [00:00:12.882,873] <inf> tps43: Sending movement: dx=15, dy=-30
uart:~$ [00:00:12.895,996] <inf> tps43: Sending movement: dx=5, dy=-27
uart:~$ [00:00:12.908,996] <inf> tps43: Sending movement: dx=0, dy=-25
uart:~$ [00:00:12.922,637] <inf> tps43: Sending movement: dx=-8, dy=-22
uart:~$ uart:~$ [00:00:12.936,187] <inf> tps43: Sending movement: dx=-18, dy=-20
uart:~$ [00:00:12.949,279] <inf> tps43: Sending movement: dx=-22, dy=-15
uart:~$ [00:00:12.961,273] <inf> tps43: Sending movement: dx=-27, dy=-8
uart:~$ [00:00:12.975,250] <inf> tps43: Sending movement: dx=-32, dy=0
uart:~$ [00:00:12.987,731] <inf> tps43: Sending movement: dx=-35, dy=9
uart:~$ [00:00:13.001,373] <inf> tps43: Sending movement: dx=-32, dy=19
uart:~$ [00:00:13.014,373] <inf> tps43: Sending movement: dx=-24, dy=27
uart:~$ [00:00:13.027,038] <inf> tps43: Sending movement: dx=-15, dy=35
uart:~$ uart:~$ [00:00:13.040,161] <inf> tps43: Sending movement: dx=-9, dy=42
uart:~$ [00:00:13.053,771] <inf> tps43: Sending movement: dx=2, dy=50
uart:~$ [00:00:13.065,734] <inf> tps43: Sending movement: dx=24, dy=55
uart:~$ [00:00:13.078,247] <inf> tps43: Sending movement: dx=58, dy=61
uart:~$ [00:00:13.090,118] <inf> tps43: Touch state changed: up
uart:~$ uart:~$ [00:00:13.580,139] <dbg> zmk: kscan_matrix_read: Sending event at 1,3 state on
uart:~$ [00:00:13.580,261] <dbg> zmk: zmk_physical_layouts_kscan_process_msgq: Row: 1, col: 3, position: 21, pressed: true
uart:~$ [00:00:13.580,291] <dbg> zmk: split_peripheral_listener: 
uart:~$ [00:00:13.580,383] <dbg> zmk: send_position_state_callback: Error notifying -128
uart:~$ [00:00:13.616,149] <dbg> zmk: kscan_matrix_read: Sending event at 1,1 state on
uart:~$ [00:00:13.616,271] <dbg> zmk: zmk_physical_layouts_kscan_process_msgq: Row: 1, col: 1, position: 19, pressed: true
uart:~$ [00:00:13.616,302] <dbg> zmk: split_peripheral_listener: 
uart:~$ [00:00:13.616,363] <dbg> zmk: send_position_state_callback: Error notifying -128
uart:~$ [00:00:13.671,142] <dbg> zmk: kscan_matrix_read: Sending event at 1,1 state off
uart:~$ [00:00:13.671,264] <dbg> zmk: zmk_physical_layouts_kscan_process_msgq: Row: 1, col: 1, position: 19, pressed: false
uart:~$ [00:00:13.671,295] <dbg> zmk: split_peripheral_listener: 
uart:~$ [00:00:13.671,386] <dbg> zmk: send_position_state_callback: Error notifying -128
uart:~$ uart:~$ [00:00:13.685,211] <dbg> zmk: kscan_matrix_read: Sending event at 1,3 state off
uart:~$ [00:00:13.685,363] <dbg> zmk: zmk_physical_layouts_kscan_process_msgq: Row: 1, col: 3, position: 21, pressed: false
uart:~$ [00:00:13.685,394] <dbg> zmk: split_peripheral_listener: 
uart:~$ [00:00:13.685,485] <dbg> zmk: send_position_state_callback: Error notifying -128
uart:~$ uart:~$ [00:00:13.798,156] <dbg> zmk: kscan_matrix_read: Sending event at 1,3 state on
uart:~$ [00:00:13.798,278] <dbg> zmk: zmk_physical_layouts_kscan_process_msgq: Row: 1, col: 3, position: 21, pressed: true
uart:~$ [00:00:13.798,309] <dbg> zmk: split_peripheral_listener: 
uart:~$ [00:00:13.798,400] <dbg> zmk: send_position_state_callback: Error notifying -128
uart:~$ [00:00:13.806,213] <dbg> zmk: kscan_matrix_read: Sending event at 1,1 state on
uart:~$ [00:00:13.806,365] <dbg> zmk: zmk_physical_layouts_kscan_process_msgq: Row: 1, col: 1, position: 19, pressed: true
uart:~$ [00:00:13.806,396] <dbg> zmk: split_peripheral_listener: 
uart:~$ [00:00:13.806,640] <dbg> zmk: send_position_state_callback: Error notifying -128
uart:~$ [00:00:13.818,145] <dbg> zmk: kscan_matrix_read: Sending event at 1,2 state on
uart:~$ [00:00:13.818,267] <dbg> zmk: zmk_physical_layouts_kscan_process_msgq: Row: 1, col: 2, position: 20, pressed: true
uart:~$ [00:00:13.818,298] <dbg> zmk: split_peripheral_listener: 
uart:~$ [00:00:13.818,389] <dbg> zmk: send_position_state_callback: Error notifying -128
uart:~$ uart:~$ [00:00:13.864,196] <dbg> zmk: kscan_matrix_read: Sending event at 1,1 state off
uart:~$ [00:00:13.864,318] <dbg> zmk: zmk_physical_layouts_kscan_process_msgq: Row: 1, col: 1, position: 19, pressed: false
uart:~$ [00:00:13.864,349] <dbg> zmk: split_peripheral_listener: 
uart:~$ [00:00:13.864,440] <dbg> zmk: send_position_state_callback: Error notifying -128
uart:~$ [00:00:13.867,187] <dbg> zmk: kscan_matrix_read: Sending event at 1,2 state off
uart:~$ [00:00:13.867,309] <dbg> zmk: zmk_physical_layouts_kscan_process_msgq: Row: 1, col: 2, position: 20, pressed: false
uart:~$ [00:00:13.867,340] <dbg> zmk: split_peripheral_listener: 
uart:~$ [00:00:13.867,431] <dbg> zmk: send_position_state_callback: Error notifying -128
uart:~$ [00:00:13.897,155] <dbg> zmk: kscan_matrix_read: Sending event at 1,3 state off
uart:~$ [00:00:13.897,277] <dbg> zmk: zmk_physical_layouts_kscan_process_msgq: Row: 1, col: 3, position: 21, pressed: false
uart:~$ [00:00:13.897,338] <dbg> zmk: split_peripheral_listener: 
uart:~$ [00:00:13.897,552] <dbg> zmk: send_position_state_callback: Error notifying -128
uart:~$ uart:~$ [00:00:13.950,195] <dbg> zmk: kscan_matrix_read: Sending event at 1,3 state on
uart:~$ [00:00:13.950,347] <dbg> zmk: zmk_physical_layouts_kscan_process_msgq: Row: 1, col: 3, position: 21, pressed: true
uart:~$ [00:00:13.950,378] <dbg> zmk: split_peripheral_listener: 
uart:~$ [00:00:13.950,622] <dbg> zmk: send_position_state_callback: Error notifying -128
uart:~$ [00:00:13.977,142] <dbg> zmk: kscan_matrix_read: Sending event at 1,2 state on
uart:~$ [00:00:13.977,264] <dbg> zmk: zmk_physical_layouts_kscan_process_msgq: Row: 1, col: 2, position: 20, pressed: true
uart:~$ [00:00:13.977,294] <dbg> zmk: split_peripheral_listener: 
uart:~$ [00:00:13.977,355] <dbg> zmk: send_position_state_callback: Error notifying -128
uart:~$ [00:00:13.979,125] <dbg> zmk: kscan_matrix_read: Sending event at 1,1 state on
uart:~$ [00:00:13.979,248] <dbg> zmk: zmk_physical_layouts_kscan_process_msgq: Row: 1, col: 1, position: 19, pressed: true
uart:~$ [00:00:13.979,278] <dbg> zmk: split_peripheral_listener: 
uart:~$ [00:00:13.979,370] <dbg> zmk: send_position_state_callback: Error notifying -128
uart:~$ uart:~$ [00:00:14.040,191] <dbg> zmk: kscan_matrix_read: Sending event at 1,1 state off
uart:~$ [00:00:14.040,313] <dbg> zmk: zmk_physical_layouts_kscan_process_msgq: Row: 1, col: 1, position: 19, pressed: false
uart:~$ [00:00:14.040,344] <dbg> zmk: split_peripheral_listener: 
uart:~$ [00:00:14.040,435] <dbg> zmk: send_position_state_callback: Error notifying -128
uart:~$ [00:00:14.041,168] <dbg> zmk: kscan_matrix_read: Sending event at 1,2 state off
uart:~$ [00:00:14.041,290] <dbg> zmk: zmk_physical_layouts_kscan_process_msgq: Row: 1, col: 2, position: 20, pressed: false
uart:~$ [00:00:14.041,320] <dbg> zmk: split_peripheral_listener: 
uart:~$ [00:00:14.041,534] <dbg> zmk: send_position_state_callback: Error notifying -128
uart:~$ [00:00:14.061,157] <dbg> zmk: kscan_matrix_read: Sending event at 1,3 state off
uart:~$ [00:00:14.061,248] <dbg> zmk: zmk_physical_layouts_kscan_process_msgq: Row: 1, col: 3, position: 21, pressed: false
uart:~$ [00:00:14.061,309] <dbg> zmk: split_peripheral_listener: 
uart:~$ [00:00:14.061,370] <dbg> zmk: send_position_state_callback: Error notifying -128
uart:~$ uart:~$ [00:00:14.111,206] <dbg> zmk: kscan_matrix_read: Sending event at 1,3 state on
uart:~$ [00:00:14.111,328] <dbg> zmk: zmk_physical_layouts_kscan_process_msgq: Row: 1, col: 3, position: 21, pressed: true
uart:~$ [00:00:14.111,358] <dbg> zmk: split_peripheral_listener: 
uart:~$ [00:00:14.111,450] <dbg> zmk: send_position_state_callback: Error notifying -128
uart:~$ [00:00:14.154,144] <dbg> zmk: kscan_matrix_read: Sending event at 1,1 state on
uart:~$ [00:00:14.154,266] <dbg> zmk: zmk_physical_layouts_kscan_process_msgq: Row: 1, col: 1, position: 19, pressed: true
uart:~$ [00:00:14.154,296] <dbg> zmk: split_peripheral_listener: 
uart:~$ [00:00:14.154,357] <dbg> zmk: send_position_state_callback: Error notifying -128
uart:~$ [00:00:14.155,181] <dbg> zmk: kscan_matrix_read: Sending event at 1,2 state on
uart:~$ [00:00:14.155,273] <dbg> zmk: zmk_physical_layouts_kscan_process_msgq: Row: 1, col: 2, position: 20, pressed: true
uart:~$ [00:00:14.155,303] <dbg> zmk: split_peripheral_listener: 
uart:~$ [00:00:14.155,395] <dbg> zmk: send_position_state_callback: Error notifying -128
uart:~$ uart:~$ [00:00:14.205,169] <dbg> zmk: kscan_matrix_read: Sending event at 1,2 state off
uart:~$ [00:00:14.205,322] <dbg> zmk: zmk_physical_layouts_kscan_process_msgq: Row: 1, col: 2, position: 20, pressed: false
uart:~$ [00:00:14.205,352] <dbg> zmk: split_peripheral_listener: 
uart:~$ [00:00:14.205,596] <dbg> zmk: send_position_state_callback: Error notifying -128
uart:~$ [00:00:14.216,186] <dbg> zmk: kscan_matrix_read: Sending event at 1,1 state off
uart:~$ [00:00:14.216,339] <dbg> zmk: zmk_physical_layouts_kscan_process_msgq: Row: 1, col: 1, position: 19, pressed: false
uart:~$ [00:00:14.216,369] <dbg> zmk: split_peripheral_listener: 
uart:~$ [00:00:14.216,461] <dbg> zmk: send_position_state_callback: Error notifying -128
uart:~$ [00:00:14.270,141] <dbg> zmk: kscan_matrix_read: Sending event at 1,3 state off
uart:~$ [00:00:14.270,263] <dbg> zmk: zmk_physical_layouts_kscan_process_msgq: Row: 1, col: 3, position: 21, pressed: false
uart:~$ [00:00:14.270,324] <dbg> zmk: split_peripheral_listener: 
uart:~$ [00:00:14.270,385] <dbg> zmk: send_position_state_callback: Error notifying -128
uart:~$ uart:~$ [00:00:14.277,160] <dbg> zmk: kscan_matrix_read: Sending event at 1,3 state on
uart:~$ [00:00:14.277,282] <dbg> zmk: zmk_physical_layouts_kscan_process_msgq: Row: 1, col: 3, position: 21, pressed: true
uart:~$ [00:00:14.277,313] <dbg> zmk: split_peripheral_listener: 
uart:~$ [00:00:14.277,679] <dbg> zmk: send_position_state_callback: Error notifying -128
uart:~$ [00:00:14.324,188] <dbg> zmk: kscan_matrix_read: Sending event at 1,2 state on
uart:~$ [00:00:14.324,310] <dbg> zmk: zmk_physical_layouts_kscan_process_msgq: Row: 1, col: 2, position: 20, pressed: true
uart:~$ [00:00:14.324,340] <dbg> zmk: split_peripheral_listener: 
uart:~$ [00:00:14.324,432] <dbg> zmk: send_position_state_callback: Error notifying -128
uart:~$ [00:00:14.325,164] <dbg> zmk: kscan_matrix_read: Sending event at 1,1 state on
uart:~$ [00:00:14.325,317] <dbg> zmk: zmk_physical_layouts_kscan_process_msgq: Row: 1, col: 1, position: 19, pressed: true
uart:~$ [00:00:14.325,347] <dbg> zmk: split_peripheral_listener: 
uart:~$ [00:00:14.325,439] <dbg> zmk: send_position_state_callback: Error notifying -128
uart:~$ uart:~$ [00:00:14.389,160] <dbg> zmk: kscan_matrix_read: Sending event at 1,2 state off
uart:~$ [00:00:14.389,312] <dbg> zmk: zmk_physical_layouts_kscan_process_msgq: Row: 1, col: 2, position: 20, pressed: false
uart:~$ [00:00:14.389,343] <dbg> zmk: split_peripheral_listener: 
uart:~$ [00:00:14.389,556] <dbg> zmk: send_position_state_callback: Error notifying -128
uart:~$ [00:00:14.390,228] <dbg> zmk: kscan_matrix_read: Sending event at 1,1 state off
uart:~$ [00:00:14.390,350] <dbg> zmk: zmk_physical_layouts_kscan_process_msgq: Row: 1, col: 1, position: 19, pressed: false
uart:~$ [00:00:14.390,380] <dbg> zmk: split_peripheral_listener: 
uart:~$ [00:00:14.390,655] <dbg> zmk: send_position_state_callback: Error notifying -128
uart:~$ uart:~$ [00:00:14.504,150] <dbg> zmk: kscan_matrix_read: Sending event at 1,2 state on
uart:~$ [00:00:14.504,302] <dbg> zmk: zmk_physical_layouts_kscan_process_msgq: Row: 1, col: 2, position: 20, pressed: true
uart:~$ [00:00:14.504,333] <dbg> zmk: split_peripheral_listener: 
uart:~$ [00:00:14.504,547] <dbg> zmk: send_position_state_callback: Error notifying -128
uart:~$ [00:00:14.596,160] <dbg> zmk: kscan_matrix_read: Sending event at 1,3 state off
uart:~$ [00:00:14.596,252] <dbg> zmk: zmk_physical_layouts_kscan_process_msgq: Row: 1, col: 3, position: 21, pressed: false
uart:~$ [00:00:14.596,282] <dbg> zmk: split_peripheral_listener: 
uart:~$ [00:00:14.596,343] <dbg> zmk: send_position_state_callback: Error notifying -128
uart:~$ [00:00:14.600,128] <dbg> zmk: kscan_matrix_read: Sending event at 1,2 state off
uart:~$ [00:00:14.600,250] <dbg> zmk: zmk_physical_layouts_kscan_process_msgq: Row: 1, col: 2, position: 20, pressed: false
uart:~$ [00:00:14.600,311] <dbg> zmk: split_peripheral_listener: 
uart:~$ [00:00:14.600,372] <dbg> zmk: send_position_state_callback: Error notifying -128
uart:~$ uart:~$ [00:00:14.648,193] <dbg> zmk: kscan_matrix_read: Sending event at 1,1 state on
uart:~$ [00:00:14.648,345] <dbg> zmk: zmk_physical_layouts_kscan_process_msgq: Row: 1, col: 1, position: 19, pressed: true
uart:~$ [00:00:14.648,376] <dbg> zmk: split_peripheral_listener: 
uart:~$ [00:00:14.648,620] <dbg> zmk: send_position_state_callback: Error notifying -128
uart:~$ [00:00:14.726,135] <dbg> zmk: kscan_matrix_read: Sending event at 1,3 state on
uart:~$ [00:00:14.726,257] <dbg> zmk: zmk_physical_layouts_kscan_process_msgq: Row: 1, col: 3, position: 21, pressed: true
uart:~$ [00:00:14.726,287] <dbg> zmk: split_peripheral_listener: 
uart:~$ [00:00:14.726,348] <dbg> zmk: send_position_state_callback: Error notifying -128
uart:~$ [00:00:14.736,145] <dbg> zmk: kscan_matrix_read: Sending event at 1,1 state off
uart:~$ [00:00:14.736,267] <dbg> zmk: zmk_physical_layouts_kscan_process_msgq: Row: 1, col: 1, position: 19, pressed: false
uart:~$ [00:00:14.736,297] <dbg> zmk: split_peripheral_listener: 
uart:~$ [00:00:14.736,389] <dbg> zmk: send_position_state_callback: Error notifying -128
uart:~$ uart:~$ [00:00:14.840,148] <dbg> zmk: kscan_matrix_read: Sending event at 1,2 state on
uart:~$ [00:00:14.840,270] <dbg> zmk: zmk_physical_layouts_kscan_process_msgq: Row: 1, col: 2, position: 20, pressed: true
uart:~$ [00:00:14.840,301] <dbg> zmk: split_peripheral_listener: 
uart:~$ [00:00:14.840,393] <dbg> zmk: send_position_state_callback: Error notifying -128
uart:~$ [00:00:14.852,172] <dbg> zmk: kscan_matrix_read: Sending event at 1,3 state off
uart:~$ [00:00:14.852,264] <dbg> zmk: zmk_physical_layouts_kscan_process_msgq: Row: 1, col: 3, position: 21, pressed: false
uart:~$ [00:00:14.852,294] <dbg> zmk: split_peripheral_listener: 
uart:~$ [00:00:14.852,355] <dbg> zmk: send_position_state_callback: Error notifying -128
uart:~$ [00:00:14.853,149] <dbg> zmk: kscan_matrix_read: Sending event at 1,1 state on
uart:~$ [00:00:14.853,271] <dbg> zmk: zmk_physical_layouts_kscan_process_msgq: Row: 1, col: 1, position: 19, pressed: true
uart:~$ [00:00:14.853,302] <dbg> zmk: split_peripheral_listener: 
uart:~$ [00:00:14.853,393] <dbg> zmk: send_position_state_callback: Error notifying -128
uart:~$ uart:~$ [00:00:14.903,198] <dbg> zmk: kscan_matrix_read: Sending event at 1,2 state off
uart:~$ [00:00:14.903,350] <dbg> zmk: zmk_physical_layouts_kscan_process_msgq: Row: 1, col: 2, position: 20, pressed: false
uart:~$ [00:00:14.903,350] <dbg> zmk: split_peripheral_listener: 
uart:~$ [00:00:14.903,594] <dbg> zmk: send_position_state_callback: Error notifying -128
uart:~$ [00:00:14.996,124] <dbg> zmk: kscan_matrix_read: Sending event at 1,3 state on
uart:~$ [00:00:14.996,246] <dbg> zmk: zmk_physical_layouts_kscan_process_msgq: Row: 1, col: 3, position: 21, pressed: true
uart:~$ [00:00:14.996,276] <dbg> zmk: split_peripheral_listener: 
uart:~$ [00:00:14.996,337] <dbg> zmk: send_position_state_callback: Error notifying -128
uart:~$ uart:~$ [00:00:15.020,172] <dbg> zmk: kscan_matrix_read: Sending event at 1,2 state on
uart:~$ [00:00:15.020,294] <dbg> zmk: zmk_physical_layouts_kscan_process_msgq: Row: 1, col: 2, position: 20, pressed: true
uart:~$ [00:00:15.020,324] <dbg> zmk: split_peripheral_listener: 
uart:~$ [00:00:15.020,538] <dbg> zmk: send_position_state_callback: Error notifying -128
uart:~$ [00:00:15.025,146] <dbg> zmk: kscan_matrix_read: Sending event at 1,1 state off
uart:~$ [00:00:15.025,238] <dbg> zmk: zmk_physical_layouts_kscan_process_msgq: Row: 1, col: 1, position: 19, pressed: false
uart:~$ [00:00:15.025,268] <dbg> zmk: split_peripheral_listener: 
uart:~$ [00:00:15.025,360] <dbg> zmk: send_position_state_callback: Error notifying -128
uart:~$ uart:~$ [00:00:15.221,130] <dbg> zmk: kscan_matrix_read: Sending event at 1,1 state on
uart:~$ [00:00:15.221,252] <dbg> zmk: zmk_physical_layouts_kscan_process_msgq: Row: 1, col: 1, position: 19, pressed: true
uart:~$ [00:00:15.221,282] <dbg> zmk: split_peripheral_listener: 
uart:~$ [00:00:15.221,374] <dbg> zmk: send_position_state_callback: Error notifying -128
uart:~$ [00:00:15.224,151] <dbg> zmk: kscan_matrix_read: Sending event at 1,3 state off
uart:~$ [00:00:15.224,273] <dbg> zmk: zmk_physical_layouts_kscan_process_msgq: Row: 1, col: 3, position: 21, pressed: false
uart:~$ [00:00:15.224,304] <dbg> zmk: split_peripheral_listener: 
uart:~$ [00:00:15.224,365] <dbg> zmk: send_position_state_callback: Error notifying -128
uart:~$ [00:00:15.236,145] <dbg> zmk: kscan_matrix_read: Sending event at 1,2 state off
uart:~$ [00:00:15.236,267] <dbg> zmk: zmk_physical_layouts_kscan_process_msgq: Row: 1, col: 2, position: 20, pressed: false
uart:~$ [00:00:15.236,297] <dbg> zmk: split_peripheral_listener: 
uart:~$ [00:00:15.236,389] <dbg> zmk: send_position_state_callback: Error notifying -128
uart:~$ uart:~$ [00:00:15.286,132] <dbg> zmk: kscan_matrix_read: Sending event at 1,1 state off
uart:~$ [00:00:15.286,285] <dbg> zmk: zmk_physical_layouts_kscan_process_msgq: Row: 1, col: 1, position: 19, pressed: false
uart:~$ [00:00:15.286,285] <dbg> zmk: split_peripheral_listener: 
uart:~$ [00:00:15.286,376] <dbg> zmk: send_position_state_callback: Error notifying -128
uart:~$ uart:~$ [00:00:15.526,092] <inf> tps43: Touch state changed: down
uart:~$ [00:00:15.592,224] <inf> tps43: Sending movement: dx=-1, dy=-43
uart:~$ [00:00:15.605,804] <inf> tps43: Sending movement: dx=0, dy=-48
uart:~$ [00:00:15.619,140] <inf> tps43: Sending movement: dx=-2, dy=-46
uart:~$ uart:~$ [00:00:15.632,080] <inf> tps43: Sending movement: dx=-4, dy=-40
uart:~$ [00:00:15.645,050] <inf> tps43: Sending movement: dx=-7, dy=-28
uart:~$ [00:00:15.658,294] <inf> tps43: Gestures: Single=0x20, Multi=0x00
uart:~$ [00:00:15.658,294] <inf> tps43: Single finger swipe
uart:~$ [00:00:15.658,325] <inf> tps43: 1-finger swipe up - INPUT_BTN_NORTH
uart:~$ [00:00:15.658,355] <inf> tps43: Sending movement: dx=0, dy=-25
uart:~$ [00:00:15.671,386] <inf> tps43: Sending movement: dx=-16, dy=-19
uart:~$ [00:00:15.684,875] <inf> tps43: Sending movement: dx=-25, dy=-15
uart:~$ [00:00:15.698,059] <inf> tps43: Sending movement: dx=-36, dy=-10
uart:~$ [00:00:15.710,418] <inf> tps43: Sending movement: dx=-42, dy=-2
uart:~$ uart:~$ [00:00:15.723,632] <inf> tps43: Sending movement: dx=-44, dy=6
uart:~$ [00:00:15.737,152] <inf> tps43: Sending movement: dx=-41, dy=15
uart:~$ [00:00:15.750,122] <inf> tps43: Sending movement: dx=-33, dy=23
uart:~$ [00:00:15.762,786] <inf> tps43: Sending movement: dx=-25, dy=32
uart:~$ [00:00:15.775,787] <inf> tps43: Sending movement: dx=-17, dy=36
uart:~$ [00:00:15.789,215] <inf> tps43: Sending movement: dx=-9, dy=41
uart:~$ [00:00:15.802,001] <inf> tps43: Sending movement: dx=0, dy=38
uart:~$ [00:00:15.815,429] <inf> tps43: Sending movement: dx=13, dy=36
uart:~$ uart:~$ [00:00:15.828,674] <inf> tps43: Sending movement: dx=27, dy=35
uart:~$ [00:00:15.842,193] <inf> tps43: Sending movement: dx=37, dy=28
uart:~$ [00:00:15.854,919] <inf> tps43: Sending movement: dx=48, dy=18
uart:~$ [00:00:15.868,530] <inf> tps43: Sending movement: dx=54, dy=7
uart:~$ [00:00:15.881,256] <inf> tps43: Sending movement: dx=58, dy=-5
uart:~$ [00:00:15.894,439] <inf> tps43: Sending movement: dx=63, dy=-11
uart:~$ [00:00:15.907,348] <inf> tps43: Sending movement: dx=58, dy=-20
uart:~$ [00:00:15.920,898] <inf> tps43: Sending movement: dx=50, dy=-34
uart:~$ uart:~$ [00:00:15.933,776] <inf> tps43: Sending movement: dx=37, dy=-38
uart:~$ [00:00:15.947,692] <inf> tps43: Sending movement: dx=25, dy=-36
uart:~$ [00:00:15.960,723] <inf> tps43: Sending movement: dx=16, dy=-38
uart:~$ [00:00:15.973,205] <inf> tps43: Sending movement: dx=2, dy=-33
uart:~$ [00:00:15.986,236] <inf> tps43: Sending movement: dx=-8, dy=-29
uart:~$ [00:00:15.999,450] <inf> tps43: Sending movement: dx=-16, dy=-23
uart:~$ [00:00:16.013,061] <inf> tps43: Sending movement: dx=-27, dy=-20
uart:~$ [00:00:16.025,177] <inf> tps43: Sending movement: dx=-38, dy=-16
uart:~$ uart:~$ [00:00:16.038,574] <inf> tps43: Sending movement: dx=-53, dy=-5
uart:~$ [00:00:16.051,483] <inf> tps43: Sending movement: dx=-63, dy=11
uart:~$ [00:00:16.065,673] <inf> tps43: Sending movement: dx=-64, dy=27
uart:~$ [00:00:16.077,728] <inf> tps43: Sending movement: dx=-55, dy=35
uart:~$ [00:00:16.091,125] <inf> tps43: Sending movement: dx=-43, dy=38
uart:~$ [00:00:16.104,888] <inf> tps43: Sending movement: dx=-36, dy=44
uart:~$ [00:00:16.117,126] <inf> tps43: Sending movement: dx=-23, dy=42
uart:~$ [00:00:16.130,310] <inf> tps43: Sending movement: dx=-9, dy=34
uart:~$ uart:~$ [00:00:16.144,012] <inf> tps43: Sending movement: dx=2, dy=29
uart:~$ [00:00:16.157,012] <inf> tps43: Sending movement: dx=13, dy=29
uart:~$ [00:00:16.170,318] <inf> tps43: Sending movement: dx=35, dy=27
uart:~$ [00:00:16.183,654] <inf> tps43: Sending movement: dx=55, dy=19
uart:~$ [00:00:16.196,624] <inf> tps43: Sending movement: dx=67, dy=5
uart:~$ [00:00:16.209,747] <inf> tps43: Sending movement: dx=74, dy=-7
uart:~$ [00:00:16.222,015] <inf> tps43: Sending movement: dx=68, dy=-19
uart:~$ [00:00:16.235,931] <inf> tps43: Sending movement: dx=65, dy=-32
uart:~$ uart:~$ [00:00:16.248,687] <inf> tps43: Sending movement: dx=58, dy=-43
uart:~$ [00:00:16.261,871] <inf> tps43: Sending movement: dx=38, dy=-42
uart:~$ [00:00:16.275,878] <inf> tps43: Sending movement: dx=22, dy=-36
uart:~$ [00:00:16.288,391] <inf> tps43: Sending movement: dx=12, dy=-36
uart:~$ [00:00:16.301,086] <inf> tps43: Sending movement: dx=3, dy=-34
uart:~$ [00:00:16.314,331] <inf> tps43: Sending movement: dx=-4, dy=-31
uart:~$ [00:00:16.328,216] <inf> tps43: Sending movement: dx=-15, dy=-33
uart:~$ [00:00:16.340,728] <inf> tps43: Sending movement: dx=-27, dy=-33
uart:~$ uart:~$ [00:00:16.354,278] <inf> tps43: Sending movement: dx=-39, dy=-27
uart:~$ [00:00:16.366,943] <inf> tps43: Sending movement: dx=-57, dy=-19
uart:~$ [00:00:16.380,676] <inf> tps43: Sending movement: dx=-60, dy=-8
uart:~$ [00:00:16.393,707] <inf> tps43: Sending movement: dx=-52, dy=2
uart:~$ [00:00:16.406,585] <inf> tps43: Sending movement: dx=-52, dy=11
uart:~$ [00:00:16.419,433] <inf> tps43: Sending movement: dx=-45, dy=19
uart:~$ [00:00:16.432,830] <inf> tps43: Sending movement: dx=-44, dy=27
uart:~$ [00:00:16.446,319] <inf> tps43: Sending movement: dx=-34, dy=31
uart:~$ uart:~$ [00:00:16.458,801] <inf> tps43: Sending movement: dx=-24, dy=33
uart:~$ [00:00:16.472,045] <inf> tps43: Sending movement: dx=-18, dy=36
uart:~$ [00:00:16.485,565] <inf> tps43: Sending movement: dx=-9, dy=35
uart:~$ [00:00:16.498,291] <inf> tps43: Sending movement: dx=1, dy=32
uart:~$ [00:00:16.511,413] <inf> tps43: Sending movement: dx=13, dy=32
uart:~$ [00:00:16.524,475] <inf> tps43: Sending movement: dx=23, dy=29
uart:~$ [00:00:16.537,597] <inf> tps43: Sending movement: dx=36, dy=25
uart:~$ [00:00:16.550,872] <inf> tps43: Sending movement: dx=48, dy=16
uart:~$ uart:~$ [00:00:16.564,300] <inf> tps43: Sending movement: dx=59, dy=6
uart:~$ [00:00:16.577,331] <inf> tps43: Sending movement: dx=63, dy=-3
uart:~$ [00:00:16.590,270] <inf> tps43: Sending movement: dx=53, dy=-11
uart:~$ [00:00:16.604,064] <inf> tps43: Sending movement: dx=48, dy=-25
uart:~$ [00:00:16.616,638] <inf> tps43: Sending movement: dx=45, dy=-33
uart:~$ [00:00:16.630,065] <inf> tps43: Sending movement: dx=36, dy=-36
uart:~$ [00:00:16.643,249] <inf> tps43: Sending movement: dx=27, dy=-39
uart:~$ [00:00:16.655,914] <inf> tps43: Sending movement: dx=18, dy=-35
uart:~$ uart:~$ [00:00:16.669,097] <inf> tps43: Sending movement: dx=8, dy=-27
uart:~$ [00:00:16.682,189] <inf> tps43: Sending movement: dx=0, dy=-23
uart:~$ [00:00:16.695,587] <inf> tps43: Sending movement: dx=-4, dy=-20
uart:~$ [00:00:16.709,014] <inf> tps43: Sending movement: dx=-12, dy=-19
uart:~$ [00:00:16.721,649] <inf> tps43: Sending movement: dx=-29, dy=-19
uart:~$ [00:00:16.735,443] <inf> tps43: Sending movement: dx=-45, dy=-14
uart:~$ [00:00:16.748,138] <inf> tps43: Sending movement: dx=-54, dy=-2
uart:~$ [00:00:16.761,291] <inf> tps43: Sending movement: dx=-54, dy=7
uart:~$ uart:~$ [00:00:16.774,108] <inf> tps43: Sending movement: dx=-51, dy=16
uart:~$ [00:00:16.787,353] <inf> tps43: Sending movement: dx=-46, dy=22
uart:~$ [00:00:16.801,116] <inf> tps43: Sending movement: dx=-36, dy=27
uart:~$ [00:00:16.813,995] <inf> tps43: Sending movement: dx=-27, dy=28
uart:~$ [00:00:16.826,416] <inf> tps43: Sending movement: dx=-17, dy=24
uart:~$ [00:00:16.840,118] <inf> tps43: Sending movement: dx=-8, dy=22
uart:~$ [00:00:16.853,515] <inf> tps43: Sending movement: dx=-1, dy=25
uart:~$ [00:00:16.866,302] <inf> tps43: Sending movement: dx=8, dy=27
uart:~$ uart:~$ [00:00:16.879,455] <inf> tps43: Sending movement: dx=19, dy=28
uart:~$ [00:00:16.892,242] <inf> tps43: Sending movement: dx=36, dy=27
uart:~$ [00:00:16.905,548] <inf> tps43: Sending movement: dx=46, dy=20
uart:~$ [00:00:16.918,548] <inf> tps43: Sending movement: dx=50, dy=11
uart:~$ [00:00:16.931,823] <inf> tps43: Sending movement: dx=47, dy=1
uart:~$ [00:00:16.945,678] <inf> tps43: Sending movement: dx=44, dy=-6
uart:~$ [00:00:16.958,648] <inf> tps43: Sending movement: dx=42, dy=-14
uart:~$ [00:00:16.971,252] <inf> tps43: Sending movement: dx=35, dy=-21
uart:~$ uart:~$ [00:00:16.984,588] <inf> tps43: Sending movement: dx=28, dy=-27
uart:~$ [00:00:16.998,565] <inf> tps43: Sending movement: dx=24, dy=-32
uart:~$ [00:00:17.011,047] <inf> tps43: Sending movement: dx=19, dy=-36
uart:~$ [00:00:17.023,620] <inf> tps43: Sending movement: dx=12, dy=-37
uart:~$ [00:00:17.037,445] <inf> tps43: Sending movement: dx=2, dy=-33
uart:~$ [00:00:17.050,659] <inf> tps43: Sending movement: dx=-4, dy=-31
uart:~$ [00:00:17.063,537] <inf> tps43: Sending movement: dx=-10, dy=-29
uart:~$ [00:00:17.076,263] <inf> tps43: Sending movement: dx=-15, dy=-27
uart:~$ uart:~$ [00:00:17.089,355] <inf> tps43: Sending movement: dx=-27, dy=-23
uart:~$ [00:00:17.102,264] <inf> tps43: Sending movement: dx=-40, dy=-18
uart:~$ [00:00:17.115,661] <inf> tps43: Sending movement: dx=-50, dy=-7
uart:~$ [00:00:17.129,058] <inf> tps43: Sending movement: dx=-56, dy=4
uart:~$ [00:00:17.142,486] <inf> tps43: Sending movement: dx=-55, dy=15
uart:~$ [00:00:17.154,724] <inf> tps43: Sending movement: dx=-53, dy=25
uart:~$ [00:00:17.168,334] <inf> tps43: Sending movement: dx=-44, dy=30
uart:~$ [00:00:17.182,434] <inf> tps43: Sending movement: dx=-36, dy=35
uart:~$ uart:~$ [00:00:17.194,976] <inf> tps43: Sending movement: dx=-23, dy=35
uart:~$ [00:00:17.207,885] <inf> tps43: Sending movement: dx=-13, dy=36
uart:~$ [00:00:17.221,710] <inf> tps43: Sending movement: dx=-7, dy=36
uart:~$ [00:00:17.234,069] <inf> tps43: Sending movement: dx=1, dy=38
uart:~$ [00:00:17.246,917] <inf> tps43: Sending movement: dx=15, dy=35
uart:~$ [00:00:17.259,979] <inf> tps43: Sending movement: dx=34, dy=34
uart:~$ [00:00:17.272,888] <inf> tps43: Sending movement: dx=47, dy=27
uart:~$ [00:00:17.286,560] <inf> tps43: Sending movement: dx=59, dy=16
uart:~$ uart:~$ [00:00:17.299,774] <inf> tps43: Sending movement: dx=68, dy=4
uart:~$ [00:00:17.312,805] <inf> tps43: Sending movement: dx=67, dy=-9
uart:~$ [00:00:17.326,843] <inf> tps43: Sending movement: dx=63, dy=-18
uart:~$ [00:00:17.339,477] <inf> tps43: Sending movement: dx=48, dy=-27
uart:~$ [00:00:17.352,111] <inf> tps43: Sending movement: dx=34, dy=-32
uart:~$ [00:00:17.365,661] <inf> tps43: Sending movement: dx=24, dy=-33
uart:~$ [00:00:17.378,570] <inf> tps43: Sending movement: dx=15, dy=-37
uart:~$ [00:00:17.391,387] <inf> tps43: Sending movement: dx=7, dy=-36
uart:~$ uart:~$ [00:00:17.404,663] <inf> tps43: Sending movement: dx=-3, dy=-33
uart:~$ [00:00:17.418,365] <inf> tps43: Sending movement: dx=-13, dy=-30
uart:~$ [00:00:17.430,908] <inf> tps43: Sending movement: dx=-24, dy=-29
uart:~$ [00:00:17.444,305] <inf> tps43: Sending movement: dx=-36, dy=-26
uart:~$ [00:00:17.456,909] <inf> tps43: Sending movement: dx=-47, dy=-18
uart:~$ [00:00:17.470,855] <inf> tps43: Sending movement: dx=-57, dy=-7
uart:~$ [00:00:17.483,428] <inf> tps43: Sending movement: dx=-57, dy=4
uart:~$ [00:00:17.496,795] <inf> tps43: Sending movement: dx=-54, dy=12
uart:~$ uart:~$ [00:00:17.509,399] <inf> tps43: Sending movement: dx=-51, dy=19
uart:~$ [00:00:17.522,888] <inf> tps43: Sending movement: dx=-45, dy=28
uart:~$ [00:00:17.536,163] <inf> tps43: Sending movement: dx=-38, dy=36
uart:~$ [00:00:17.549,072] <inf> tps43: Sending movement: dx=-30, dy=38
uart:~$ [00:00:17.562,500] <inf> tps43: Sending movement: dx=-19, dy=34
uart:~$ [00:00:17.575,988] <inf> tps43: Sending movement: dx=-8, dy=34
uart:~$ [00:00:17.588,592] <inf> tps43: Sending movement: dx=-2, dy=34
uart:~$ [00:00:17.601,623] <inf> tps43: Sending movement: dx=3, dy=29
uart:~$ uart:~$ [00:00:17.614,746] <inf> tps43: Sending movement: dx=10, dy=23
uart:~$ [00:00:17.627,929] <inf> tps43: Sending movement: dx=21, dy=19
uart:~$ [00:00:17.640,838] <inf> tps43: Sending movement: dx=35, dy=16
uart:~$ [00:00:17.653,961] <inf> tps43: Sending movement: dx=47, dy=4
uart:~$ [00:00:17.667,236] <inf> tps43: Sending movement: dx=65, dy=-12
uart:~$ [00:00:17.681,091] <inf> tps43: Sending movement: dx=57, dy=-22
uart:~$ [00:00:17.693,389] <inf> tps43: Sending movement: dx=44, dy=-33
uart:~$ [00:00:17.706,787] <inf> tps43: Sending movement: dx=40, dy=-43
uart:~$ uart:~$ [00:00:17.719,787] <inf> tps43: Sending movement: dx=30, dy=-46
uart:~$ [00:00:17.732,574] <inf> tps43: Sending movement: dx=19, dy=-45
uart:~$ [00:00:17.745,941] <inf> tps43: Sending movement: dx=10, dy=-38
uart:~$ [00:00:17.759,185] <inf> tps43: Sending movement: dx=2, dy=-36
uart:~$ [00:00:17.772,186] <inf> tps43: Sending movement: dx=-6, dy=-32
uart:~$ [00:00:17.785,308] <inf> tps43: Sending movement: dx=-16, dy=-26
uart:~$ [00:00:17.798,034] <inf> tps43: Sending movement: dx=-21, dy=-21
uart:~$ [00:00:17.811,492] <inf> tps43: Sending movement: dx=-23, dy=-15
uart:~$ uart:~$ [00:00:17.824,371] <inf> tps43: Sending movement: dx=-28, dy=-9
uart:~$ [00:00:17.837,371] <inf> tps43: Sending movement: dx=-35, dy=-3
uart:~$ [00:00:17.850,769] <inf> tps43: Sending movement: dx=-37, dy=4
uart:~$ [00:00:17.865,051] <inf> tps43: Sending movement: dx=-37, dy=15
uart:~$ [00:00:17.877,838] <inf> tps43: Sending movement: dx=-33, dy=22
uart:~$ [00:00:17.890,106] <inf> tps43: Sending movement: dx=-28, dy=26
uart:~$ [00:00:17.903,869] <inf> tps43: Sending movement: dx=-27, dy=32
uart:~$ [00:00:17.917,175] <inf> tps43: Sending movement: dx=-24, dy=40
uart:~$ uart:~$ [00:00:17.929,870] <inf> tps43: Sending movement: dx=-14, dy=43
uart:~$ [00:00:17.943,176] <inf> tps43: Sending movement: dx=-6, dy=37
uart:~$ [00:00:17.956,115] <inf> tps43: Sending movement: dx=2, dy=37
uart:~$ [00:00:17.969,543] <inf> tps43: Sending movement: dx=11, dy=34
uart:~$ [00:00:17.982,574] <inf> tps43: Sending movement: dx=19, dy=27
uart:~$ [00:00:17.995,544] <inf> tps43: Sending movement: dx=30, dy=19
uart:~$ [00:00:18.008,666] <inf> tps43: Sending movement: dx=43, dy=11
uart:~$ [00:00:18.021,850] <inf> tps43: Sending movement: dx=46, dy=0
uart:~$ uart:~$ [00:00:18.035,430] <inf> tps43: Sending movement: dx=45, dy=-11
uart:~$ [00:00:18.048,126] <inf> tps43: Sending movement: dx=42, dy=-24
uart:~$ [00:00:18.061,340] <inf> tps43: Sending movement: dx=34, dy=-29
uart:~$ [00:00:18.074,523] <inf> tps43: Sending movement: dx=27, dy=-33
uart:~$ [00:00:18.087,524] <inf> tps43: Sending movement: dx=17, dy=-34
uart:~$ [00:00:18.100,341] <inf> tps43: Sending movement: dx=6, dy=-31
uart:~$ [00:00:18.113,861] <inf> tps43: Sending movement: dx=0, dy=-27
uart:~$ [00:00:18.127,410] <inf> tps43: Sending movement: dx=-6, dy=-25
uart:~$ uart:~$ [00:00:18.140,380] <inf> tps43: Sending movement: dx=-13, dy=-22
uart:~$ [00:00:18.153,198] <inf> tps43: Sending movement: dx=-23, dy=-18
uart:~$ [00:00:18.166,778] <inf> tps43: Sending movement: dx=-33, dy=-12
uart:~$ [00:00:18.179,473] <inf> tps43: Sending movement: dx=-41, dy=-5
uart:~$ [00:00:18.192,413] <inf> tps43: Sending movement: dx=-43, dy=1
uart:~$ [00:00:18.205,383] <inf> tps43: Sending movement: dx=-45, dy=10
uart:~$ [00:00:18.219,024] <inf> tps43: Sending movement: dx=-39, dy=18
uart:~$ [00:00:18.232,269] <inf> tps43: Sending movement: dx=-27, dy=23
uart:~$ uart:~$ [00:00:18.245,422] <inf> tps43: Sending movement: dx=-18, dy=25
uart:~$ [00:00:18.258,148] <inf> tps43: Sending movement: dx=-12, dy=26
uart:~$ [00:00:18.271,118] <inf> tps43: Sending movement: dx=-6, dy=26
uart:~$ [00:00:18.284,667] <inf> tps43: Sending movement: dx=0, dy=27
uart:~$ [00:00:18.298,065] <inf> tps43: Sending movement: dx=4, dy=27
uart:~$ [00:00:18.311,309] <inf> tps43: Sending movement: dx=9, dy=23
uart:~$ [00:00:18.324,371] <inf> tps43: Sending movement: dx=8, dy=16
uart:~$ [00:00:18.337,554] <inf> tps43: Sending movement: dx=7, dy=11
uart:~$ uart:~$ [00:00:18.350,860] <inf> tps43: Sending movement: dx=9, dy=10
uart:~$ [00:00:18.364,440] <inf> tps43: Sending movement: dx=12, dy=9
uart:~$ [00:00:18.377,380] <inf> tps43: Sending movement: dx=9, dy=7
uart:~$ [00:00:18.390,716] <inf> tps43: Sending movement: dx=6, dy=5
uart:~$ [00:00:18.403,625] <inf> tps43: Sending movement: dx=4, dy=4
uart:~$ [00:00:18.416,931] <inf> tps43: Sending movement: dx=2, dy=2
uart:~$ [00:00:18.430,206] <inf> tps43: Sending movement: dx=0, dy=0
uart:~$ [00:00:18.443,176] <inf> tps43: Sending movement: dx=1, dy=1
uart:~$ uart:~$ [00:00:18.456,024] <inf> tps43: Sending movement: dx=0, dy=0
uart:~$ [00:00:18.482,421] <inf> tps43: Sending movement: dx=0, dy=0
uart:~$ [00:00:18.495,666] <inf> tps43: Sending movement: dx=0, dy=1
uart:~$ [00:00:18.508,483] <inf> tps43: Sending movement: dx=1, dy=2
uart:~$ [00:00:18.521,514] <inf> tps43: Sending movement: dx=0, dy=3
uart:~$ [00:00:18.534,515] <inf> tps43: Sending movement: dx=0, dy=5
uart:~$ [00:00:18.547,546] <inf> tps43: Sending movement: dx=0, dy=5
uart:~$ uart:~$ [00:00:18.560,363] <inf> tps43: Sending movement: dx=1, dy=6
uart:~$ [00:00:18.573,516] <inf> tps43: Sending movement: dx=1, dy=6
uart:~$ [00:00:18.586,730] <inf> tps43: Sending movement: dx=1, dy=4
uart:~$ [00:00:18.599,975] <inf> tps43: Sending movement: dx=0, dy=3
uart:~$ [00:00:18.613,342] <inf> tps43: Sending movement: dx=0, dy=2
uart:~$ [00:00:18.626,281] <inf> tps43: Sending movement: dx=0, dy=3
uart:~$ [00:00:18.639,495] <inf> tps43: Sending movement: dx=0, dy=1
uart:~$ [00:00:18.652,618] <inf> tps43: Sending movement: dx=0, dy=1
uart:~$ uart:~$ [00:00:18.666,107] <inf> tps43: Sending movement: dx=0, dy=0
uart:~$ [00:00:18.679,168] <inf> tps43: Sending movement: dx=0, dy=0
uart:~$ [00:00:18.692,199] <inf> tps43: Sending movement: dx=0, dy=2
uart:~$ [00:00:18.705,383] <inf> tps43: Sending movement: dx=0, dy=0
uart:~$ [00:00:18.719,543] <inf> tps43: Sending movement: dx=0, dy=1
uart:~$ [00:00:18.732,543] <inf> tps43: Sending movement: dx=0, dy=0
uart:~$ [00:00:18.745,666] <inf> tps43: Sending movement: dx=0, dy=0
uart:~$ [00:00:18.758,331] <inf> tps43: Sending movement: dx=1, dy=0
uart:~$ uart:~$ [00:00:18.810,791] <inf> tps43: Sending movement: dx=0, dy=-1
uart:~$ [00:00:18.823,547] <inf> tps43: Sending movement: dx=0, dy=-1
uart:~$ [00:00:18.836,517] <inf> tps43: Sending movement: dx=0, dy=-2
uart:~$ [00:00:18.850,067] <inf> tps43: Sending movement: dx=0, dy=-1
uart:~$ [00:00:18.863,433] <inf> tps43: Sending movement: dx=0, dy=-1
uart:~$ [00:00:18.876,068] <inf> tps43: Sending movement: dx=0, dy=0
uart:~$ [00:00:18.889,434] <inf> tps43: Sending movement: dx=0, dy=0
uart:~$ [00:00:18.902,709] <inf> tps43: Sending movement: dx=0, dy=0
uart:~$ uart:~$ [00:00:18.916,137] <inf> tps43: Sending movement: dx=0, dy=-1
uart:~$ [00:00:18.929,199] <inf> tps43: Sending movement: dx=0, dy=-2
uart:~$ [00:00:18.941,650] <inf> tps43: Sending movement: dx=0, dy=-2
uart:~$ [00:00:18.954,803] <inf> tps43: Sending movement: dx=0, dy=-2
uart:~$ [00:00:18.968,353] <inf> tps43: Sending movement: dx=0, dy=0
uart:~$ [00:00:18.981,903] <inf> tps43: Sending movement: dx=0, dy=-1
uart:~$ uart:~$ [00:00:19.022,155] <dbg> zmk: kscan_matrix_read: Sending event at 2,2 state on
uart:~$ [00:00:19.022,247] <dbg> zmk: zmk_physical_layouts_kscan_process_msgq: Row: 2, col: 2, position: 32, pressed: true
uart:~$ [00:00:19.022,277] <dbg> zmk: split_peripheral_listener: 
uart:~$ [00:00:19.022,369] <dbg> zmk: send_position_state_callback: Error notifying -128
uart:~$ [00:00:19.033,599] <inf> tps43: Sending movement: dx=0, dy=1
uart:~$ [00:00:19.046,875] <inf> tps43: Sending movement: dx=0, dy=1
uart:~$ [00:00:19.060,119] <inf> tps43: Sending movement: dx=1, dy=5
uart:~$ [00:00:19.073,120] <inf> tps43: Sending movement: dx=1, dy=9
uart:~$ [00:00:19.086,791] <inf> tps43: Sending movement: dx=1, dy=14
uart:~$ [00:00:19.100,128] <inf> tps43: Sending movement: dx=1, dy=17
uart:~$ uart:~$ [00:00:19.112,884] <inf> tps43: Sending movement: dx=1, dy=17
uart:~$ [00:00:19.125,885] <inf> tps43: Sending movement: dx=2, dy=17
uart:~$ [00:00:19.139,160] <inf> tps43: Sending movement: dx=2, dy=13
uart:~$ [00:00:19.152,191] <inf> tps43: Sending movement: dx=1, dy=9
uart:~$ [00:00:19.165,161] <inf> tps43: Sending movement: dx=0, dy=3
uart:~$ [00:00:19.167,175] <dbg> zmk: kscan_matrix_read: Sending event at 2,2 state off
uart:~$ [00:00:19.167,266] <dbg> zmk: zmk_physical_layouts_kscan_process_msgq: Row: 2, col: 2, position: 32, pressed: false
uart:~$ [00:00:19.167,297] <dbg> zmk: split_peripheral_listener: 
uart:~$ [00:00:19.167,388] <dbg> zmk: send_position_state_callback: Error notifying -128
uart:~$ [00:00:19.178,070] <inf> tps43: Sending movement: dx=0, dy=2
uart:~$ uart:~$ [00:00:19.191,040] <inf> tps43: Sending movement: dx=0, dy=0
uart:~$ [00:00:19.218,139] <inf> tps43: Sending movement: dx=0, dy=0
uart:~$ [00:00:19.231,231] <inf> tps43: Sending movement: dx=0, dy=0
uart:~$ [00:00:19.244,018] <inf> tps43: Sending movement: dx=0, dy=0
uart:~$ [00:00:19.257,110] <inf> tps43: Sending movement: dx=0, dy=0
uart:~$ [00:00:19.270,416] <inf> tps43: Sending movement: dx=0, dy=0
uart:~$ [00:00:19.283,996] <inf> tps43: Sending movement: dx=0, dy=-1
uart:~$ uart:~$ [00:00:19.296,936] <inf> tps43: Sending movement: dx=0, dy=-1
uart:~$ [00:00:19.309,814] <inf> tps43: Sending movement: dx=0, dy=-1
uart:~$ [00:00:19.323,059] <inf> tps43: Sending movement: dx=0, dy=-1
uart:~$ [00:00:19.336,029] <inf> tps43: Sending movement: dx=0, dy=-2
uart:~$ [00:00:19.349,243] <inf> tps43: Sending movement: dx=0, dy=-3
uart:~$ [00:00:19.362,426] <inf> tps43: Sending movement: dx=0, dy=-4
uart:~$ [00:00:19.374,877] <inf> tps43: Sending movement: dx=0, dy=-4
uart:~$ [00:00:19.388,122] <inf> tps43: Sending movement: dx=0, dy=-5
uart:~$ uart:~$ [00:00:19.401,458] <inf> tps43: Sending movement: dx=0, dy=-4
uart:~$ [00:00:19.409,210] <dbg> zmk: kscan_matrix_read: Sending event at 1,2 state on
uart:~$ [00:00:19.409,332] <dbg> zmk: zmk_physical_layouts_kscan_process_msgq: Row: 1, col: 2, position: 20, pressed: true
uart:~$ [00:00:19.409,362] <dbg> zmk: split_peripheral_listener: 
uart:~$ [00:00:19.409,454] <dbg> zmk: send_position_state_callback: Error notifying -128
uart:~$ [00:00:19.414,886] <inf> tps43: Sending movement: dx=0, dy=-3
uart:~$ [00:00:19.427,703] <inf> tps43: Sending movement: dx=0, dy=-3
uart:~$ [00:00:19.440,643] <inf> tps43: Sending movement: dx=0, dy=-1
uart:~$ [00:00:19.453,796] <inf> tps43: Sending movement: dx=0, dy=-1
uart:~$ [00:00:19.467,132] <inf> tps43: Sending movement: dx=0, dy=0
uart:~$ uart:~$ [00:00:19.493,316] <inf> tps43: Sending movement: dx=0, dy=0
uart:~$ [00:00:19.519,622] <inf> tps43: Sending movement: dx=0, dy=0
uart:~$ [00:00:19.561,126] <dbg> zmk: kscan_matrix_read: Sending event at 1,2 state off
uart:~$ [00:00:19.561,248] <dbg> zmk: zmk_physical_layouts_kscan_process_msgq: Row: 1, col: 2, position: 20, pressed: false
uart:~$ [00:00:19.561,279] <dbg> zmk: split_peripheral_listener: 
uart:~$ [00:00:19.561,370] <dbg> zmk: send_position_state_callback: Error notifying -128
uart:~$ [00:00:19.585,174] <inf> tps43: Sending movement: dx=0, dy=0
uart:~$ uart:~$ [00:00:19.598,419] <inf> tps43: Sending movement: dx=0, dy=0
uart:~$ [00:00:19.624,450] <inf> tps43: Sending movement: dx=0, dy=-1
uart:~$ [00:00:19.637,725] <inf> tps43: Sending movement: dx=0, dy=0
uart:~$ [00:00:19.650,939] <inf> tps43: Sending movement: dx=0, dy=-1
uart:~$ [00:00:19.658,142] <dbg> zmk: kscan_matrix_read: Sending event at 1,2 state on
uart:~$ [00:00:19.658,264] <dbg> zmk: zmk_physical_layouts_kscan_process_msgq: Row: 1, col: 2, position: 20, pressed: true
uart:~$ [00:00:19.658,294] <dbg> zmk: split_peripheral_listener: 
uart:~$ [00:00:19.658,355] <dbg> zmk: send_position_state_callback: Error notifying -128
uart:~$ [00:00:19.664,276] <inf> tps43: Sending movement: dx=0, dy=-1
uart:~$ [00:00:19.677,276] <inf> tps43: Sending movement: dx=0, dy=-1
uart:~$ uart:~$ [00:00:19.690,155] <inf> tps43: Sending movement: dx=0, dy=-1
uart:~$ [00:00:19.703,399] <inf> tps43: Sending movement: dx=0, dy=0
uart:~$ [00:00:19.716,644] <inf> tps43: Sending movement: dx=0, dy=-1
uart:~$ [00:00:19.755,828] <inf> tps43: Sending movement: dx=0, dy=0
uart:~$ [00:00:19.769,073] <inf> tps43: Sending movement: dx=0, dy=1
uart:~$ [00:00:19.782,409] <inf> tps43: Sending movement: dx=0, dy=1
uart:~$ uart:~$ [00:00:19.795,684] <inf> tps43: Sending movement: dx=0, dy=2
uart:~$ [00:00:19.808,471] <inf> tps43: Sending movement: dx=0, dy=3
uart:~$ [00:00:19.821,746] <inf> tps43: Sending movement: dx=0, dy=3
uart:~$ [00:00:19.828,125] <dbg> zmk: kscan_matrix_read: Sending event at 1,2 state off
uart:~$ [00:00:19.828,247] <dbg> zmk: zmk_physical_layouts_kscan_process_msgq: Row: 1, col: 2, position: 20, pressed: false
uart:~$ [00:00:19.828,277] <dbg> zmk: split_peripheral_listener: 
uart:~$ [00:00:19.828,369] <dbg> zmk: send_position_state_callback: Error notifying -128
uart:~$ [00:00:19.834,930] <inf> tps43: Sending movement: dx=0, dy=2
uart:~$ [00:00:19.848,175] <inf> tps43: Sending movement: dx=0, dy=1
uart:~$ [00:00:19.861,297] <inf> tps43: Sending movement: dx=0, dy=1
uart:~$ uart:~$ [00:00:19.867,218] <dbg> zmk: kscan_matrix_read: Sending event at 1,2 state on
uart:~$ [00:00:19.867,370] <dbg> zmk: zmk_physical_layouts_kscan_process_msgq: Row: 1, col: 2, position: 20, pressed: true
uart:~$ [00:00:19.867,401] <dbg> zmk: split_peripheral_listener: 
uart:~$ [00:00:19.867,797] <dbg> zmk: send_position_state_callback: Error notifying -128
uart:~$ [00:00:19.874,298] <inf> tps43: Sending movement: dx=0, dy=1
uart:~$ [00:00:19.887,664] <inf> tps43: Sending movement: dx=0, dy=0
uart:~$ [00:00:19.900,665] <inf> tps43: Sending movement: dx=0, dy=0
uart:~$ [00:00:19.914,184] <inf> tps43: Sending movement: dx=0, dy=0
uart:~$ [00:00:19.940,399] <inf> tps43: Sending movement: dx=0, dy=0
uart:~$ [00:00:19.961,151] <dbg> zmk: kscan_matrix_read: Sending event at 1,2 state off
uart:~$ [00:00:19.961,303] <dbg> zmk: zmk_physical_layouts_kscan_process_msgq: Row: 1, col: 2, position: 20, pressed: false
uart:~$ [00:00:19.961,303] <dbg> zmk: split_peripheral_listener: 
uart:~$ [00:00:19.961,395] <dbg> zmk: send_position_state_callback: Error notifying -128
uart:~$ uart:~$ [00:00:19.979,705] <inf> tps43: Sending movement: dx=0, dy=0
uart:~$ [00:00:19.992,614] <inf> tps43: Sending movement: dx=0, dy=0
uart:~$ [00:00:20.005,096] <inf> tps43: Sending movement: dx=2, dy=5
uart:~$ [00:00:20.017,242] <inf> tps43: Sending movement: dx=6, dy=21
uart:~$ [00:00:20.028,808] <inf> tps43: Touch state changed: up
uart:~$ uart:~$ [00:00:20.490,173] <dbg> zmk: kscan_matrix_read: Sending event at 3,2 state on
uart:~$ [00:00:20.490,264] <dbg> zmk: zmk_physical_layouts_kscan_process_msgq: Row: 3, col: 2, position: 41, pressed: true
uart:~$ [00:00:20.490,295] <dbg> zmk: split_peripheral_listener: 
uart:~$ [00:00:20.490,386] <dbg> zmk: send_position_state_callback: Error notifying -128
uart:~$ uart:~$ [00:00:20.671,173] <dbg> zmk: kscan_matrix_read: Sending event at 3,1 state on
uart:~$ [00:00:20.671,264] <dbg> zmk: zmk_physical_layouts_kscan_process_msgq: Row: 3, col: 1, position: 40, pressed: true
uart:~$ [00:00:20.671,295] <dbg> zmk: split_peripheral_listener: 
uart:~$ [00:00:20.671,386] <dbg> zmk: send_position_state_callback: Error notifying -128
uart:~$ [00:00:20.693,176] <dbg> zmk: kscan_matrix_read: Sending event at 3,0 state on
uart:~$ [00:00:20.693,267] <dbg> zmk: zmk_physical_layouts_kscan_process_msgq: Row: 3, col: 0, position: 39, pressed: true
uart:~$ [00:00:20.693,298] <dbg> zmk: split_peripheral_listener: 
uart:~$ [00:00:20.693,359] <dbg> zmk: send_position_state_callback: Error notifying -128
uart:~$ [00:00:20.732,177] <dbg> zmk: kscan_matrix_read: Sending event at 3,2 state off
uart:~$ [00:00:20.732,269] <dbg> zmk: zmk_physical_layouts_kscan_process_msgq: Row: 3, col: 2, position: 41, pressed: false
uart:~$ [00:00:20.732,299] <dbg> zmk: split_peripheral_listener: 
uart:~$ [00:00:20.732,391] <dbg> zmk: send_position_state_callback: Error notifying -128
uart:~$ uart:~$ [00:00:20.813,201] <dbg> zmk: kscan_matrix_read: Sending event at 3,1 state off
uart:~$ [00:00:20.813,323] <dbg> zmk: zmk_physical_layouts_kscan_process_msgq: Row: 3, col: 1, position: 40, pressed: false
uart:~$ [00:00:20.813,354] <dbg> zmk: split_peripheral_listener: 
uart:~$ [00:00:20.813,446] <dbg> zmk: send_position_state_callback: Error notifying -128
uart:~$ [00:00:20.826,171] <dbg> zmk: kscan_matrix_read: Sending event at 3,0 state off
uart:~$ [00:00:20.826,263] <dbg> zmk: zmk_physical_layouts_kscan_process_msgq: Row: 3, col: 0, position: 39, pressed: false
uart:~$ [00:00:20.826,293] <dbg> zmk: split_peripheral_listener: 
uart:~$ [00:00:20.826,385] <dbg> zmk: send_position_state_callback: Error notifying -128
uart:~$ [00:00:20.876,159] <dbg> zmk: kscan_matrix_read: Sending event at 3,2 state on
uart:~$ [00:00:20.876,251] <dbg> zmk: zmk_physical_layouts_kscan_process_msgq: Row: 3, col: 2, position: 41, pressed: true
uart:~$ [00:00:20.876,281] <dbg> zmk: split_peripheral_listener: 
uart:~$ [00:00:20.876,373] <dbg> zmk: send_position_state_callback: Error notifying -128
uart:~$ uart:~$ [00:00:20.935,211] <dbg> zmk: kscan_matrix_read: Sending event at 3,1 state on
uart:~$ [00:00:20.935,363] <dbg> zmk: zmk_physical_layouts_kscan_process_msgq: Row: 3, col: 1, position: 40, pressed: true
uart:~$ [00:00:20.935,363] <dbg> zmk: split_peripheral_listener: 
uart:~$ [00:00:20.935,607] <dbg> zmk: send_position_state_callback: Error notifying -128
uart:~$ [00:00:21.000,152] <dbg> zmk: kscan_matrix_read: Sending event at 3,0 state on
uart:~$ [00:00:21.000,244] <dbg> zmk: zmk_physical_layouts_kscan_process_msgq: Row: 3, col: 0, position: 39, pressed: true
uart:~$ [00:00:21.000,274] <dbg> zmk: split_peripheral_listener: 
uart:~$ [00:00:21.000,335] <dbg> zmk: send_position_state_callback: Error notifying -128
uart:~$ [00:00:21.035,156] <dbg> zmk: kscan_matrix_read: Sending event at 3,2 state off
uart:~$ [00:00:21.035,217] <dbg> zmk: zmk_physical_layouts_kscan_process_msgq: Row: 3, col: 2, position: 41, pressed: false
uart:~$ [00:00:21.035,278] <dbg> zmk: split_peripheral_listener: 
uart:~$ [00:00:21.035,369] <dbg> zmk: send_position_state_callback: Error notifying -128
uart:~$ uart:~$ [00:00:21.078,155] <dbg> zmk: kscan_matrix_read: Sending event at 3,1 state off
uart:~$ [00:00:21.078,277] <dbg> zmk: zmk_physical_layouts_kscan_process_msgq: Row: 3, col: 1, position: 40, pressed: false
uart:~$ [00:00:21.078,308] <dbg> zmk: split_peripheral_listener: 
uart:~$ [00:00:21.078,369] <dbg> zmk: send_position_state_callback: Error notifying -128
uart:~$ [00:00:21.157,165] <dbg> zmk: kscan_matrix_read: Sending event at 3,0 state off
uart:~$ [00:00:21.157,257] <dbg> zmk: zmk_physical_layouts_kscan_process_msgq: Row: 3, col: 0, position: 39, pressed: false
uart:~$ [00:00:21.157,287] <dbg> zmk: split_peripheral_listener: 
uart:~$ [00:00:21.157,379] <dbg> zmk: send_position_state_callback: Error notifying -128
uart:~$ uart:~$ [00:00:21.410,125] <dbg> zmk: kscan_matrix_read: Sending event at 1,2 state on
uart:~$ [00:00:21.410,247] <dbg> zmk: zmk_physical_layouts_kscan_process_msgq: Row: 1, col: 2, position: 20, pressed: true
uart:~$ [00:00:21.410,278] <dbg> zmk: split_peripheral_listener: 
uart:~$ [00:00:21.410,369] <dbg> zmk: send_position_state_callback: Error notifying -128
uart:~$ [00:00:21.421,142] <dbg> zmk: kscan_matrix_read: Sending event at 1,1 state on
uart:~$ [00:00:21.421,264] <dbg> zmk: zmk_physical_layouts_kscan_process_msgq: Row: 1, col: 1, position: 19, pressed: true
uart:~$ [00:00:21.421,295] <dbg> zmk: split_peripheral_listener: 
uart:~$ [00:00:21.421,356] <dbg> zmk: send_position_state_callback: Error notifying -128
uart:~$ uart:~$ [00:00:21.519,165] <dbg> zmk: kscan_matrix_read: Sending event at 1,2 state off
uart:~$ [00:00:21.519,287] <dbg> zmk: zmk_physical_layouts_kscan_process_msgq: Row: 1, col: 2, position: 20, pressed: false
uart:~$ [00:00:21.519,317] <dbg> zmk: split_peripheral_listener: 
uart:~$ [00:00:21.519,531] <dbg> zmk: send_position_state_callback: Error notifying -128
uart:~$ [00:00:21.606,140] <dbg> zmk: kscan_matrix_read: Sending event at 1,1 state off
uart:~$ [00:00:21.606,262] <dbg> zmk: zmk_physical_layouts_kscan_process_msgq: Row: 1, col: 1, position: 19, pressed: false
uart:~$ [00:00:21.606,292] <dbg> zmk: split_peripheral_listener: 
uart:~$ [00:00:21.606,384] <dbg> zmk: send_position_state_callback: Error notifying -128
uart:~$ uart:~$ [00:00:21.626,159] <dbg> zmk: kscan_matrix_read: Sending event at 1,3 state on
uart:~$ [00:00:21.626,251] <dbg> zmk: zmk_physical_layouts_kscan_process_msgq: Row: 1, col: 3, position: 21, pressed: true
uart:~$ [00:00:21.626,281] <dbg> zmk: split_peripheral_listener: 
uart:~$ [00:00:21.626,373] <dbg> zmk: send_position_state_callback: Error notifying -128
uart:~$ uart:~$ [00:00:21.737,182] <dbg> zmk: kscan_matrix_read: Sending event at 1,2 state on
uart:~$ [00:00:21.737,335] <dbg> zmk: zmk_physical_layouts_kscan_process_msgq: Row: 1, col: 2, position: 20, pressed: true
uart:~$ [00:00:21.737,335] <dbg> zmk: split_peripheral_listener: 
uart:~$ [00:00:21.737,579] <dbg> zmk: send_position_state_callback: Error notifying -128
uart:~$ [00:00:21.750,183] <dbg> zmk: kscan_matrix_read: Sending event at 1,1 state on
uart:~$ [00:00:21.750,335] <dbg> zmk: zmk_physical_layouts_kscan_process_msgq: Row: 1, col: 1, position: 19, pressed: true
uart:~$ [00:00:21.750,366] <dbg> zmk: split_peripheral_listener: 
uart:~$ [00:00:21.750,640] <dbg> zmk: send_position_state_callback: Error notifying -128
uart:~$ [00:00:21.802,154] <dbg> zmk: kscan_matrix_read: Sending event at 1,3 state off
uart:~$ [00:00:21.802,246] <dbg> zmk: zmk_physical_layouts_kscan_process_msgq: Row: 1, col: 3, position: 21, pressed: false
uart:~$ [00:00:21.802,276] <dbg> zmk: split_peripheral_listener: 
uart:~$ [00:00:21.802,368] <dbg> zmk: send_position_state_callback: Error notifying -128
uart:~$ uart:~$ [00:00:21.806,213] <dbg> zmk: kscan_matrix_read: Sending event at 1,2 state off
uart:~$ [00:00:21.806,365] <dbg> zmk: zmk_physical_layouts_kscan_process_msgq: Row: 1, col: 2, position: 20, pressed: false
uart:~$ [00:00:21.806,396] <dbg> zmk: split_peripheral_listener: 
uart:~$ [00:00:21.806,671] <dbg> zmk: send_position_state_callback: Error notifying -128
uart:~$ uart:~$ [00:00:21.910,156] <dbg> zmk: kscan_matrix_read: Sending event at 1,3 state on
uart:~$ [00:00:21.910,308] <dbg> zmk: zmk_physical_layouts_kscan_process_msgq: Row: 1, col: 3, position: 21, pressed: true
uart:~$ [00:00:21.910,339] <dbg> zmk: split_peripheral_listener: 
uart:~$ [00:00:21.910,552] <dbg> zmk: send_position_state_callback: Error notifying -128
uart:~$ [00:00:21.920,196] <dbg> zmk: kscan_matrix_read: Sending event at 1,1 state off
uart:~$ [00:00:21.920,318] <dbg> zmk: zmk_physical_layouts_kscan_process_msgq: Row: 1, col: 1, position: 19, pressed: false
uart:~$ [00:00:21.920,349] <dbg> zmk: split_peripheral_listener: 
uart:~$ [00:00:21.920,440] <dbg> zmk: send_position_state_callback: Error notifying -128
uart:~$ [00:00:21.960,144] <dbg> zmk: kscan_matrix_read: Sending event at 1,2 state on
uart:~$ [00:00:21.960,266] <dbg> zmk: zmk_physical_layouts_kscan_process_msgq: Row: 1, col: 2, position: 20, pressed: true
uart:~$ [00:00:21.960,296] <dbg> zmk: split_peripheral_listener: 
uart:~$ [00:00:21.960,388] <dbg> zmk: send_position_state_callback: Error notifying -128
uart:~$ uart:~$ [00:00:22.050,140] <dbg> zmk: kscan_matrix_read: Sending event at 1,2 state off
uart:~$ [00:00:22.050,262] <dbg> zmk: zmk_physical_layouts_kscan_process_msgq: Row: 1, col: 2, position: 20, pressed: false
uart:~$ [00:00:22.050,292] <dbg> zmk: split_peripheral_listener: 
uart:~$ [00:00:22.050,354] <dbg> zmk: send_position_state_callback: Error notifying -128
uart:~$ uart:~$ [00:00:22.181,152] <dbg> zmk: kscan_matrix_read: Sending event at 1,2 state on
uart:~$ [00:00:22.181,274] <dbg> zmk: zmk_physical_layouts_kscan_process_msgq: Row: 1, col: 2, position: 20, pressed: true
uart:~$ [00:00:22.181,304] <dbg> zmk: split_peripheral_listener: 
uart:~$ [00:00:22.181,396] <dbg> zmk: send_position_state_callback: Error notifying -128
uart:~$ [00:00:22.232,147] <dbg> zmk: kscan_matrix_read: Sending event at 1,3 state off
uart:~$ [00:00:22.232,269] <dbg> zmk: zmk_physical_layouts_kscan_process_msgq: Row: 1, col: 3, position: 21, pressed: false
uart:~$ [00:00:22.232,299] <dbg> zmk: split_peripheral_listener: 
uart:~$ [00:00:22.232,360] <dbg> zmk: send_position_state_callback: Error notifying -128
uart:~$ uart:~$ [00:00:22.290,161] <dbg> zmk: kscan_matrix_read: Sending event at 1,3 state on
uart:~$ [00:00:22.290,313] <dbg> zmk: zmk_physical_layouts_kscan_process_msgq: Row: 1, col: 3, position: 21, pressed: true
uart:~$ [00:00:22.290,344] <dbg> zmk: split_peripheral_listener: 
uart:~$ [00:00:22.290,435] <dbg> zmk: send_position_state_callback: Error notifying -128
uart:~$ [00:00:22.296,203] <dbg> zmk: kscan_matrix_read: Sending event at 1,1 state on
uart:~$ [00:00:22.296,325] <dbg> zmk: zmk_physical_layouts_kscan_process_msgq: Row: 1, col: 1, position: 19, pressed: true
uart:~$ [00:00:22.296,356] <dbg> zmk: split_peripheral_listener: 
uart:~$ [00:00:22.296,447] <dbg> zmk: send_position_state_callback: Error notifying -128
uart:~$ [00:00:22.372,131] <dbg> zmk: kscan_matrix_read: Sending event at 1,3 state off
uart:~$ [00:00:22.372,253] <dbg> zmk: zmk_physical_layouts_kscan_process_msgq: Row: 1, col: 3, position: 21, pressed: false
uart:~$ [00:00:22.372,283] <dbg> zmk: split_peripheral_listener: 
uart:~$ [00:00:22.372,375] <dbg> zmk: send_position_state_callback: Error notifying -128
uart:~$ uart:~$ [00:00:22.383,209] <dbg> zmk: kscan_matrix_read: Sending event at 1,2 state off
uart:~$ [00:00:22.383,392] <dbg> zmk: zmk_physical_layouts_kscan_process_msgq: Row: 1, col: 2, position: 20, pressed: false
uart:~$ [00:00:22.383,392] <dbg> zmk: split_peripheral_listener: 
uart:~$ [00:00:22.383,666] <dbg> zmk: send_position_state_callback: Error notifying -128
uart:~$ [00:00:22.394,165] <dbg> zmk: kscan_matrix_read: Sending event at 1,1 state off
uart:~$ [00:00:22.394,317] <dbg> zmk: zmk_physical_layouts_kscan_process_msgq: Row: 1, col: 1, position: 19, pressed: false
uart:~$ [00:00:22.394,348] <dbg> zmk: split_peripheral_listener: 
uart:~$ [00:00:22.394,561] <dbg> zmk: send_position_state_callback: Error notifying -128
uart:~$ uart:~$ [00:00:22.674,285] <inf> tps43: Touch state changed: down
uart:~$ [00:00:22.727,722] <inf> tps43: Sending movement: dx=-27, dy=42
uart:~$ [00:00:22.740,875] <inf> tps43: Sending movement: dx=-27, dy=45
uart:~$ [00:00:22.753,662] <inf> tps43: Sending movement: dx=-28, dy=45
uart:~$ [00:00:22.767,242] <inf> tps43: Sending movement: dx=-28, dy=45
uart:~$ uart:~$ [00:00:22.780,456] <inf> tps43: Sending movement: dx=-21, dy=44
uart:~$ [00:00:22.793,060] <inf> tps43: Sending movement: dx=-15, dy=44
uart:~$ [00:00:22.806,457] <inf> tps43: Sending movement: dx=-9, dy=42
uart:~$ [00:00:22.819,519] <inf> tps43: Sending movement: dx=-4, dy=33
uart:~$ [00:00:22.833,038] <inf> tps43: Sending movement: dx=0, dy=24
uart:~$ [00:00:22.845,764] <inf> tps43: Sending movement: dx=8, dy=18
uart:~$ [00:00:22.858,703] <inf> tps43: Sending movement: dx=13, dy=16
uart:~$ [00:00:22.872,161] <inf> tps43: Sending movement: dx=18, dy=9
uart:~$ uart:~$ [00:00:22.885,620] <inf> tps43: Sending movement: dx=27, dy=2
uart:~$ [00:00:22.898,406] <inf> tps43: Sending movement: dx=37, dy=-10
uart:~$ [00:00:22.911,499] <inf> tps43: Sending movement: dx=40, dy=-33
uart:~$ [00:00:22.924,560] <inf> tps43: Sending movement: dx=36, dy=-60
uart:~$ [00:00:22.937,805] <inf> tps43: Sending movement: dx=19, dy=-63
uart:~$ [00:00:22.950,805] <inf> tps43: Sending movement: dx=7, dy=-55
uart:~$ [00:00:22.963,806] <inf> tps43: Sending movement: dx=1, dy=-50
uart:~$ [00:00:22.977,111] <inf> tps43: Sending movement: dx=-4, dy=-36
uart:~$ uart:~$ [00:00:22.990,539] <inf> tps43: Sending movement: dx=-5, dy=-25
uart:~$ [00:00:23.004,425] <inf> tps43: Sending movement: dx=-11, dy=-20
uart:~$ [00:00:23.017,242] <inf> tps43: Sending movement: dx=-32, dy=-16
uart:~$ [00:00:23.030,517] <inf> tps43: Sending movement: dx=-69, dy=-2
uart:~$ [00:00:23.043,151] <inf> tps43: Sending movement: dx=-91, dy=15
uart:~$ [00:00:23.056,488] <inf> tps43: Sending movement: dx=-81, dy=27
uart:~$ [00:00:23.070,159] <inf> tps43: Sending movement: dx=-72, dy=34
uart:~$ [00:00:23.082,702] <inf> tps43: Sending movement: dx=-66, dy=41
uart:~$ uart:~$ [00:00:23.096,466] <inf> tps43: Sending movement: dx=-56, dy=44
uart:~$ [00:00:23.108,612] <inf> tps43: Sending movement: dx=-47, dy=45
uart:~$ [00:00:23.121,704] <inf> tps43: Sending movement: dx=-27, dy=36
uart:~$ [00:00:23.134,948] <inf> tps43: Sending movement: dx=-14, dy=26
uart:~$ [00:00:23.148,468] <inf> tps43: Sending movement: dx=-3, dy=18
uart:~$ [00:00:23.161,956] <inf> tps43: Sending movement: dx=5, dy=15
uart:~$ [00:00:23.174,407] <inf> tps43: Sending movement: dx=23, dy=12
uart:~$ [00:00:23.187,988] <inf> tps43: Sending movement: dx=57, dy=1
uart:~$ uart:~$ [00:00:23.201,293] <inf> tps43: Sending movement: dx=77, dy=-20
uart:~$ [00:00:23.214,294] <inf> tps43: Sending movement: dx=77, dy=-46
uart:~$ [00:00:23.227,569] <inf> tps43: Sending movement: dx=68, dy=-54
uart:~$ [00:00:23.240,905] <inf> tps43: Sending movement: dx=45, dy=-49
uart:~$ [00:00:23.253,417] <inf> tps43: Sending movement: dx=29, dy=-45
uart:~$ [00:00:23.267,150] <inf> tps43: Sending movement: dx=15, dy=-41
uart:~$ [00:00:23.280,853] <inf> tps43: Sending movement: dx=5, dy=-34
uart:~$ [00:00:23.293,182] <inf> tps43: Sending movement: dx=0, dy=-27
uart:~$ uart:~$ [00:00:23.306,457] <inf> tps43: Sending movement: dx=-7, dy=-23
uart:~$ [00:00:23.319,122] <inf> tps43: Sending movement: dx=-13, dy=-18
uart:~$ [00:00:23.332,366] <inf> tps43: Sending movement: dx=-18, dy=-13
uart:~$ [00:00:23.345,764] <inf> tps43: Sending movement: dx=-36, dy=-7
uart:~$ [00:00:23.359,252] <inf> tps43: Sending movement: dx=-64, dy=8
uart:~$ [00:00:23.371,429] <inf> tps43: Sending movement: dx=-72, dy=25
uart:~$ [00:00:23.384,796] <inf> tps43: Sending movement: dx=-63, dy=33
uart:~$ [00:00:23.398,986] <inf> tps43: Sending movement: dx=-54, dy=39
uart:~$ uart:~$ [00:00:23.410,827] <inf> tps43: Sending movement: dx=-43, dy=42
uart:~$ [00:00:23.424,255] <inf> tps43: Sending movement: dx=-35, dy=42
uart:~$ [00:00:23.438,110] <inf> tps43: Sending movement: dx=-22, dy=38
uart:~$ [00:00:23.450,256] <inf> tps43: Sending movement: dx=-9, dy=34
uart:~$ [00:00:23.463,226] <inf> tps43: Sending movement: dx=1, dy=28
uart:~$ [00:00:23.476,623] <inf> tps43: Sending movement: dx=13, dy=26
uart:~$ [00:00:23.489,501] <inf> tps43: Sending movement: dx=36, dy=21
uart:~$ [00:00:23.503,143] <inf> tps43: Sending movement: dx=66, dy=6
uart:~$ uart:~$ [00:00:23.517,089] <inf> tps43: Sending movement: dx=89, dy=-18
uart:~$ [00:00:23.529,479] <inf> tps43: Sending movement: dx=94, dy=-40
uart:~$ [00:00:23.542,572] <inf> tps43: Sending movement: dx=87, dy=-51
uart:~$ [00:00:23.555,694] <inf> tps43: Sending movement: dx=72, dy=-52
uart:~$ [00:00:23.568,878] <inf> tps43: Sending movement: dx=50, dy=-50
uart:~$ [00:00:23.582,000] <inf> tps43: Sending movement: dx=32, dy=-43
uart:~$ [00:00:23.594,757] <inf> tps43: Sending movement: dx=17, dy=-36
uart:~$ [00:00:23.607,574] <inf> tps43: Sending movement: dx=9, dy=-27
uart:~$ uart:~$ [00:00:23.620,910] <inf> tps43: Sending movement: dx=2, dy=-18
uart:~$ [00:00:23.634,399] <inf> tps43: Sending movement: dx=-1, dy=-14
uart:~$ [00:00:23.647,735] <inf> tps43: Sending movement: dx=-9, dy=-14
uart:~$ [00:00:23.660,400] <inf> tps43: Sending movement: dx=-22, dy=-11
uart:~$ [00:00:23.673,400] <inf> tps43: Sending movement: dx=-59, dy=-4
uart:~$ [00:00:23.687,133] <inf> tps43: Sending movement: dx=-90, dy=12
uart:~$ [00:00:23.700,622] <inf> tps43: Sending movement: dx=-82, dy=30
uart:~$ [00:00:23.713,165] <inf> tps43: Sending movement: dx=-72, dy=37
uart:~$ uart:~$ [00:00:23.726,623] <inf> tps43: Sending movement: dx=-63, dy=41
uart:~$ [00:00:23.739,471] <inf> tps43: Sending movement: dx=-59, dy=45
uart:~$ [00:00:23.752,166] <inf> tps43: Sending movement: dx=-49, dy=45
uart:~$ [00:00:23.766,540] <inf> tps43: Sending movement: dx=-30, dy=39
uart:~$ [00:00:23.778,961] <inf> tps43: Sending movement: dx=-17, dy=36
uart:~$ [00:00:23.791,473] <inf> tps43: Sending movement: dx=-5, dy=31
uart:~$ [00:00:23.804,931] <inf> tps43: Sending movement: dx=5, dy=29
uart:~$ [00:00:23.818,603] <inf> tps43: Sending movement: dx=21, dy=28
uart:~$ uart:~$ [00:00:23.831,542] <inf> tps43: Sending movement: dx=49, dy=26
uart:~$ [00:00:23.844,543] <inf> tps43: Sending movement: dx=75, dy=13
uart:~$ [00:00:23.857,666] <inf> tps43: Sending movement: dx=80, dy=-1
uart:~$ [00:00:23.871,063] <inf> tps43: Sending movement: dx=78, dy=-19
uart:~$ [00:00:23.884,338] <inf> tps43: Sending movement: dx=77, dy=-36
uart:~$ [00:00:23.897,247] <inf> tps43: Sending movement: dx=72, dy=-49
uart:~$ [00:00:23.910,308] <inf> tps43: Sending movement: dx=59, dy=-47
uart:~$ [00:00:23.922,851] <inf> tps43: Sending movement: dx=34, dy=-40
uart:~$ uart:~$ [00:00:23.935,913] <inf> tps43: Sending movement: dx=18, dy=-36
uart:~$ [00:00:23.949,218] <inf> tps43: Sending movement: dx=7, dy=-27
uart:~$ [00:00:23.963,043] <inf> tps43: Sending movement: dx=0, dy=-27
uart:~$ [00:00:23.976,165] <inf> tps43: Sending movement: dx=-7, dy=-27
uart:~$ [00:00:23.988,922] <inf> tps43: Sending movement: dx=-19, dy=-28
uart:~$ [00:00:24.002,044] <inf> tps43: Sending movement: dx=-35, dy=-25
uart:~$ [00:00:24.015,258] <inf> tps43: Sending movement: dx=-52, dy=-18
uart:~$ [00:00:24.028,533] <inf> tps43: Sending movement: dx=-57, dy=-8
uart:~$ uart:~$ [00:00:24.041,687] <inf> tps43: Sending movement: dx=-66, dy=8
uart:~$ [00:00:24.055,297] <inf> tps43: Sending movement: dx=-74, dy=20
uart:~$ [00:00:24.067,535] <inf> tps43: Sending movement: dx=-62, dy=27
uart:~$ [00:00:24.081,298] <inf> tps43: Sending movement: dx=-50, dy=32
uart:~$ [00:00:24.094,848] <inf> tps43: Sending movement: dx=-43, dy=35
uart:~$ [00:00:24.107,177] <inf> tps43: Sending movement: dx=-34, dy=36
uart:~$ [00:00:24.120,025] <inf> tps43: Sending movement: dx=-18, dy=30
uart:~$ [00:00:24.133,758] <inf> tps43: Sending movement: dx=-9, dy=27
uart:~$ uart:~$ [00:00:24.147,369] <inf> tps43: Sending movement: dx=0, dy=26
uart:~$ [00:00:24.159,820] <inf> tps43: Sending movement: dx=10, dy=23
uart:~$ [00:00:24.173,095] <inf> tps43: Sending movement: dx=24, dy=20
uart:~$ [00:00:24.186,645] <inf> tps43: Sending movement: dx=46, dy=12
uart:~$ [00:00:24.199,523] <inf> tps43: Sending movement: dx=66, dy=-4
uart:~$ [00:00:24.212,280] <inf> tps43: Sending movement: dx=70, dy=-26
uart:~$ [00:00:24.226,440] <inf> tps43: Sending movement: dx=64, dy=-39
uart:~$ [00:00:24.238,555] <inf> tps43: Sending movement: dx=52, dy=-47
uart:~$ uart:~$ [00:00:24.251,953] <inf> tps43: Sending movement: dx=42, dy=-55
uart:~$ [00:00:24.265,075] <inf> tps43: Sending movement: dx=29, dy=-58
uart:~$ [00:00:24.278,350] <inf> tps43: Sending movement: dx=18, dy=-52
uart:~$ [00:00:24.291,442] <inf> tps43: Sending movement: dx=6, dy=-44
uart:~$ [00:00:24.303,894] <inf> tps43: Sending movement: dx=-3, dy=-41
uart:~$ [00:00:24.317,382] <inf> tps43: Sending movement: dx=-15, dy=-35
uart:~$ [00:00:24.330,749] <inf> tps43: Sending movement: dx=-25, dy=-29
uart:~$ [00:00:24.343,750] <inf> tps43: Sending movement: dx=-35, dy=-22
uart:~$ uart:~$ [00:00:24.356,384] <inf> tps43: Sending movement: dx=-59, dy=-12
uart:~$ [00:00:24.369,689] <inf> tps43: Sending movement: dx=-78, dy=1
uart:~$ [00:00:24.383,605] <inf> tps43: Sending movement: dx=-81, dy=19
uart:~$ [00:00:24.396,820] <inf> tps43: Sending movement: dx=-73, dy=30
uart:~$ [00:00:24.409,210] <inf> tps43: Sending movement: dx=-56, dy=35
uart:~$ [00:00:24.423,004] <inf> tps43: Sending movement: dx=-52, dy=40
uart:~$ [00:00:24.435,791] <inf> tps43: Sending movement: dx=-44, dy=44
uart:~$ [00:00:24.448,394] <inf> tps43: Sending movement: dx=-27, dy=37
uart:~$ uart:~$ [00:00:24.461,669] <inf> tps43: Sending movement: dx=-14, dy=32
uart:~$ [00:00:24.475,250] <inf> tps43: Sending movement: dx=-4, dy=33
uart:~$ [00:00:24.488,586] <inf> tps43: Sending movement: dx=5, dy=34
uart:~$ [00:00:24.500,976] <inf> tps43: Sending movement: dx=21, dy=34
uart:~$ [00:00:24.514,221] <inf> tps43: Sending movement: dx=45, dy=31
uart:~$ [00:00:24.527,069] <inf> tps43: Sending movement: dx=62, dy=24
uart:~$ [00:00:24.540,496] <inf> tps43: Sending movement: dx=73, dy=11
uart:~$ [00:00:24.553,680] <inf> tps43: Sending movement: dx=70, dy=-1
uart:~$ uart:~$ [00:00:24.567,199] <inf> tps43: Sending movement: dx=64, dy=-13
uart:~$ [00:00:24.580,871] <inf> tps43: Sending movement: dx=62, dy=-24
uart:~$ [00:00:24.593,292] <inf> tps43: Sending movement: dx=52, dy=-29
uart:~$ [00:00:24.606,201] <inf> tps43: Sending movement: dx=39, dy=-31
uart:~$ [00:00:24.619,628] <inf> tps43: Sending movement: dx=26, dy=-33
uart:~$ [00:00:24.632,598] <inf> tps43: Sending movement: dx=18, dy=-36
uart:~$ [00:00:24.645,629] <inf> tps43: Sending movement: dx=9, dy=-35
uart:~$ [00:00:24.658,874] <inf> tps43: Sending movement: dx=3, dy=-34
uart:~$ uart:~$ [00:00:24.672,363] <inf> tps43: Sending movement: dx=-4, dy=-38
uart:~$ [00:00:24.685,150] <inf> tps43: Sending movement: dx=-12, dy=-36
uart:~$ [00:00:24.698,364] <inf> tps43: Sending movement: dx=-22, dy=-33
uart:~$ [00:00:24.711,669] <inf> tps43: Sending movement: dx=-29, dy=-28
uart:~$ [00:00:24.725,128] <inf> tps43: Sending movement: dx=-36, dy=-22
uart:~$ [00:00:24.737,884] <inf> tps43: Sending movement: dx=-49, dy=-15
uart:~$ [00:00:24.751,007] <inf> tps43: Sending movement: dx=-61, dy=-3
uart:~$ [00:00:24.764,007] <inf> tps43: Sending movement: dx=-63, dy=7
uart:~$ uart:~$ [00:00:24.777,587] <inf> tps43: Sending movement: dx=-59, dy=17
uart:~$ [00:00:24.790,466] <inf> tps43: Sending movement: dx=-58, dy=24
uart:~$ [00:00:24.803,619] <inf> tps43: Sending movement: dx=-50, dy=32
uart:~$ [00:00:24.816,528] <inf> tps43: Sending movement: dx=-38, dy=33
uart:~$ [00:00:24.829,956] <inf> tps43: Sending movement: dx=-27, dy=34
uart:~$ [00:00:24.842,559] <inf> tps43: Sending movement: dx=-18, dy=36
uart:~$ [00:00:24.855,377] <inf> tps43: Sending movement: dx=-9, dy=35
uart:~$ [00:00:24.869,079] <inf> tps43: Sending movement: dx=0, dy=33
uart:~$ uart:~$ [00:00:24.882,965] <inf> tps43: Sending movement: dx=7, dy=33
uart:~$ [00:00:24.895,141] <inf> tps43: Sending movement: dx=20, dy=32
uart:~$ [00:00:24.908,294] <inf> tps43: Sending movement: dx=27, dy=26
uart:~$ [00:00:24.921,783] <inf> tps43: Sending movement: dx=31, dy=18
uart:~$ [00:00:24.934,722] <inf> tps43: Sending movement: dx=37, dy=9
uart:~$ [00:00:24.949,005] <inf> tps43: Sending movement: dx=38, dy=0
uart:~$ [00:00:24.961,700] <inf> tps43: Sending movement: dx=38, dy=-10
uart:~$ [00:00:24.974,090] <inf> tps43: Sending movement: dx=37, dy=-19
uart:~$ uart:~$ [00:00:24.987,030] <inf> tps43: Sending movement: dx=32, dy=-26
uart:~$ [00:00:25.001,098] <inf> tps43: Sending movement: dx=26, dy=-36
uart:~$ [00:00:25.013,793] <inf> tps43: Sending movement: dx=20, dy=-42
uart:~$ [00:00:25.026,641] <inf> tps43: Sending movement: dx=9, dy=-40
uart:~$ [00:00:25.040,191] <inf> tps43: Sending movement: dx=0, dy=-35
uart:~$ [00:00:25.053,314] <inf> tps43: Sending movement: dx=-8, dy=-32
uart:~$ [00:00:25.066,009] <inf> tps43: Sending movement: dx=-15, dy=-29
uart:~$ [00:00:25.079,162] <inf> tps43: Sending movement: dx=-21, dy=-26
uart:~$ uart:~$ [00:00:25.091,979] <inf> tps43: Sending movement: dx=-26, dy=-23
uart:~$ [00:00:25.105,499] <inf> tps43: Sending movement: dx=-27, dy=-18
uart:~$ [00:00:25.118,896] <inf> tps43: Sending movement: dx=-29, dy=-9
uart:~$ [00:00:25.131,256] <inf> tps43: Sending movement: dx=-30, dy=-4
uart:~$ [00:00:25.144,165] <inf> tps43: Sending movement: dx=-36, dy=2
uart:~$ [00:00:25.156,860] <inf> tps43: Sending movement: dx=-45, dy=10
uart:~$ [00:00:25.168,609] <inf> tps43: Touch state changed: up
uart:~$ uart:~$ [00:00:25.334,930] <inf> tps43: Touch state changed: down
uart:~$ [00:00:25.398,284] <inf> tps43: Touch state changed: up
uart:~$ [00:00:25.398,315] <inf> tps43: Gestures: Single=0x01, Multi=0x00
uart:~$ [00:00:25.398,315] <inf> tps43: Single tap → LEFT BUTTON
uart:~$ uart:~$ [00:00:25.514,984] <inf> tps43: Touch state changed: down
uart:~$ [00:00:25.591,918] <inf> tps43: Touch state changed: up
uart:~$ [00:00:25.591,918] <inf> tps43: Gestures: Single=0x01, Multi=0x00
uart:~$ [00:00:25.591,949] <inf> tps43: Single tap → LEFT BUTTON
uart:~$ uart:~$ [00:00:25.744,903] <inf> tps43: Touch state changed: down
uart:~$ uart:~$ [00:00:25.863,555] <inf> tps43: Sending movement: dx=19, dy=11
uart:~$ [00:00:25.876,708] <inf> tps43: Sending movement: dx=22, dy=9
uart:~$ [00:00:25.889,953] <inf> tps43: Sending movement: dx=20, dy=4
uart:~$ [00:00:25.903,289] <inf> tps43: Sending movement: dx=24, dy=-3
uart:~$ [00:00:25.916,137] <inf> tps43: Sending movement: dx=27, dy=-13
uart:~$ [00:00:25.929,504] <inf> tps43: Sending movement: dx=28, dy=-23
uart:~$ [00:00:25.943,023] <inf> tps43: Sending movement: dx=22, dy=-27
uart:~$ [00:00:25.955,413] <inf> tps43: Sending movement: dx=12, dy=-28
uart:~$ uart:~$ [00:00:25.968,536] <inf> tps43: Sending movement: dx=7, dy=-30
uart:~$ [00:00:25.982,269] <inf> tps43: Sending movement: dx=0, dy=-32
uart:~$ [00:00:25.995,849] <inf> tps43: Sending movement: dx=-9, dy=-34
uart:~$ [00:00:26.008,178] <inf> tps43: Sending movement: dx=-18, dy=-33
uart:~$ [00:00:26.021,057] <inf> tps43: Sending movement: dx=-26, dy=-26
uart:~$ [00:00:26.034,576] <inf> tps43: Sending movement: dx=-31, dy=-17
uart:~$ [00:00:26.047,668] <inf> tps43: Sending movement: dx=-42, dy=-8
uart:~$ [00:00:26.061,645] <inf> tps43: Sending movement: dx=-49, dy=5
uart:~$ uart:~$ [00:00:26.073,730] <inf> tps43: Sending movement: dx=-59, dy=24
uart:~$ [00:00:26.087,554] <inf> tps43: Sending movement: dx=-61, dy=42
uart:~$ [00:00:26.100,463] <inf> tps43: Sending movement: dx=-56, dy=53
uart:~$ [00:00:26.113,250] <inf> tps43: Sending movement: dx=-45, dy=59
uart:~$ [00:00:26.126,251] <inf> tps43: Sending movement: dx=-29, dy=59
uart:~$ [00:00:26.139,343] <inf> tps43: Sending movement: dx=-19, dy=54
uart:~$ [00:00:26.152,954] <inf> tps43: Sending movement: dx=-7, dy=46
uart:~$ [00:00:26.165,802] <inf> tps43: Sending movement: dx=5, dy=36
uart:~$ uart:~$ [00:00:26.179,260] <inf> tps43: Sending movement: dx=18, dy=33
uart:~$ [00:00:26.191,833] <inf> tps43: Sending movement: dx=39, dy=31
uart:~$ [00:00:26.205,200] <inf> tps43: Sending movement: dx=54, dy=20
uart:~$ [00:00:26.218,475] <inf> tps43: Sending movement: dx=64, dy=4
uart:~$ [00:00:26.231,445] <inf> tps43: Sending movement: dx=80, dy=-12
uart:~$ [00:00:26.245,422] <inf> tps43: Sending movement: dx=86, dy=-29
uart:~$ [00:00:26.257,568] <inf> tps43: Sending movement: dx=69, dy=-39
uart:~$ [00:00:26.271,728] <inf> tps43: Sending movement: dx=49, dy=-44
uart:~$ uart:~$ [00:00:26.284,484] <inf> tps43: Sending movement: dx=36, dy=-43
uart:~$ [00:00:26.297,698] <inf> tps43: Sending movement: dx=20, dy=-39
uart:~$ [00:00:26.311,248] <inf> tps43: Sending movement: dx=10, dy=-36
uart:~$ [00:00:26.323,913] <inf> tps43: Sending movement: dx=0, dy=-34
uart:~$ [00:00:26.336,456] <inf> tps43: Sending movement: dx=-13, dy=-33
uart:~$ [00:00:26.350,036] <inf> tps43: Sending movement: dx=-27, dy=-32
uart:~$ [00:00:26.362,884] <inf> tps43: Sending movement: dx=-45, dy=-27
uart:~$ [00:00:26.376,312] <inf> tps43: Sending movement: dx=-61, dy=-16
uart:~$ uart:~$ [00:00:26.389,068] <inf> tps43: Sending movement: dx=-71, dy=0
uart:~$ [00:00:26.402,374] <inf> tps43: Sending movement: dx=-70, dy=13
uart:~$ [00:00:26.416,168] <inf> tps43: Sending movement: dx=-59, dy=21
uart:~$ [00:00:26.429,046] <inf> tps43: Sending movement: dx=-48, dy=31
uart:~$ [00:00:26.441,680] <inf> tps43: Sending movement: dx=-44, dy=37
uart:~$ [00:00:26.455,444] <inf> tps43: Sending movement: dx=-35, dy=41
uart:~$ [00:00:26.468,048] <inf> tps43: Sending movement: dx=-23, dy=40
uart:~$ [00:00:26.481,262] <inf> tps43: Sending movement: dx=-9, dy=41
uart:~$ uart:~$ [00:00:26.495,086] <inf> tps43: Sending movement: dx=3, dy=39
uart:~$ [00:00:26.507,659] <inf> tps43: Sending movement: dx=18, dy=36
uart:~$ [00:00:26.520,629] <inf> tps43: Sending movement: dx=36, dy=33
uart:~$ [00:00:26.533,630] <inf> tps43: Sending movement: dx=53, dy=25
uart:~$ [00:00:26.547,271] <inf> tps43: Sending movement: dx=68, dy=15
uart:~$ [00:00:26.560,333] <inf> tps43: Sending movement: dx=80, dy=0
uart:~$ [00:00:26.573,425] <inf> tps43: Sending movement: dx=82, dy=-15
uart:~$ [00:00:26.586,578] <inf> tps43: Sending movement: dx=72, dy=-28
uart:~$ uart:~$ [00:00:26.599,365] <inf> tps43: Sending movement: dx=62, dy=-39
uart:~$ [00:00:26.612,854] <inf> tps43: Sending movement: dx=45, dy=-42
uart:~$ [00:00:26.625,946] <inf> tps43: Sending movement: dx=29, dy=-39
uart:~$ [00:00:26.639,129] <inf> tps43: Sending movement: dx=18, dy=-36
uart:~$ [00:00:26.652,801] <inf> tps43: Sending movement: dx=7, dy=-30
uart:~$ [00:00:26.665,557] <inf> tps43: Sending movement: dx=0, dy=-27
uart:~$ [00:00:26.678,405] <inf> tps43: Sending movement: dx=-9, dy=-27
uart:~$ [00:00:26.691,436] <inf> tps43: Sending movement: dx=-22, dy=-29
uart:~$ uart:~$ [00:00:26.704,467] <inf> tps43: Sending movement: dx=-42, dy=-27
uart:~$ [00:00:26.718,017] <inf> tps43: Sending movement: dx=-62, dy=-18
uart:~$ [00:00:26.731,353] <inf> tps43: Sending movement: dx=-65, dy=-6
uart:~$ [00:00:26.744,171] <inf> tps43: Sending movement: dx=-63, dy=6
uart:~$ [00:00:26.758,087] <inf> tps43: Sending movement: dx=-62, dy=17
uart:~$ [00:00:26.770,477] <inf> tps43: Sending movement: dx=-56, dy=29
uart:~$ [00:00:26.783,569] <inf> tps43: Sending movement: dx=-51, dy=38
uart:~$ [00:00:26.797,729] <inf> tps43: Sending movement: dx=-37, dy=40
uart:~$ uart:~$ [00:00:26.809,967] <inf> tps43: Sending movement: dx=-26, dy=40
uart:~$ [00:00:26.823,089] <inf> tps43: Sending movement: dx=-16, dy=37
uart:~$ [00:00:26.836,730] <inf> tps43: Sending movement: dx=-7, dy=32
uart:~$ [00:00:26.849,822] <inf> tps43: Sending movement: dx=0, dy=30
uart:~$ [00:00:26.862,152] <inf> tps43: Sending movement: dx=11, dy=30
uart:~$ [00:00:26.875,671] <inf> tps43: Sending movement: dx=21, dy=29
uart:~$ [00:00:26.888,183] <inf> tps43: Sending movement: dx=34, dy=27
uart:~$ [00:00:26.901,763] <inf> tps43: Sending movement: dx=48, dy=19
uart:~$ uart:~$ [00:00:26.914,550] <inf> tps43: Sending movement: dx=61, dy=8
uart:~$ [00:00:26.928,436] <inf> tps43: Sending movement: dx=63, dy=-4
uart:~$ [00:00:26.941,192] <inf> tps43: Sending movement: dx=58, dy=-15
uart:~$ [00:00:26.954,223] <inf> tps43: Sending movement: dx=54, dy=-27
uart:~$ [00:00:26.967,498] <inf> tps43: Sending movement: dx=46, dy=-36
uart:~$ [00:00:26.980,834] <inf> tps43: Sending movement: dx=41, dy=-45
uart:~$ [00:00:26.993,530] <inf> tps43: Sending movement: dx=34, dy=-44
uart:~$ [00:00:27.006,469] <inf> tps43: Sending movement: dx=18, dy=-38
uart:~$ uart:~$ [00:00:27.020,141] <inf> tps43: Sending movement: dx=7, dy=-35
uart:~$ [00:00:27.033,233] <inf> tps43: Sending movement: dx=0, dy=-29
uart:~$ [00:00:27.046,447] <inf> tps43: Sending movement: dx=-6, dy=-26
uart:~$ [00:00:27.059,417] <inf> tps43: Sending movement: dx=-15, dy=-23
uart:~$ [00:00:27.072,082] <inf> tps43: Sending movement: dx=-29, dy=-21
uart:~$ [00:00:27.085,388] <inf> tps43: Sending movement: dx=-42, dy=-13
uart:~$ [00:00:27.098,419] <inf> tps43: Sending movement: dx=-51, dy=-1
uart:~$ [00:00:27.112,487] <inf> tps43: Sending movement: dx=-51, dy=8
uart:~$ uart:~$ [00:00:27.124,725] <inf> tps43: Sending movement: dx=-54, dy=18
uart:~$ [00:00:27.137,756] <inf> tps43: Sending movement: dx=-54, dy=27
uart:~$ [00:00:27.151,580] <inf> tps43: Sending movement: dx=-45, dy=35
uart:~$ [00:00:27.164,428] <inf> tps43: Sending movement: dx=-40, dy=44
uart:~$ [00:00:27.177,093] <inf> tps43: Sending movement: dx=-29, dy=46
uart:~$ [00:00:27.190,795] <inf> tps43: Sending movement: dx=-18, dy=44
uart:~$ [00:00:27.203,460] <inf> tps43: Sending movement: dx=-7, dy=42
uart:~$ [00:00:27.216,735] <inf> tps43: Sending movement: dx=4, dy=39
uart:~$ uart:~$ [00:00:27.230,560] <inf> tps43: Sending movement: dx=18, dy=41
uart:~$ [00:00:27.243,225] <inf> tps43: Sending movement: dx=29, dy=37
uart:~$ [00:00:27.256,774] <inf> tps43: Sending movement: dx=37, dy=29
uart:~$ [00:00:27.269,256] <inf> tps43: Sending movement: dx=47, dy=18
uart:~$ [00:00:27.283,599] <inf> tps43: Sending movement: dx=50, dy=8
uart:~$ [00:00:27.295,928] <inf> tps43: Sending movement: dx=53, dy=-6
uart:~$ [00:00:27.308,837] <inf> tps43: Sending movement: dx=58, dy=-20
uart:~$ [00:00:27.321,899] <inf> tps43: Sending movement: dx=54, dy=-33
uart:~$ uart:~$ [00:00:27.335,083] <inf> tps43: Sending movement: dx=42, dy=-37
uart:~$ [00:00:27.348,083] <inf> tps43: Sending movement: dx=27, dy=-36
uart:~$ [00:00:27.361,633] <inf> tps43: Sending movement: dx=18, dy=-37
uart:~$ [00:00:27.374,938] <inf> tps43: Sending movement: dx=10, dy=-36
uart:~$ [00:00:27.387,329] <inf> tps43: Sending movement: dx=3, dy=-35
uart:~$ [00:00:27.400,482] <inf> tps43: Sending movement: dx=-6, dy=-33
uart:~$ [00:00:27.414,337] <inf> tps43: Sending movement: dx=-16, dy=-32
uart:~$ [00:00:27.427,490] <inf> tps43: Sending movement: dx=-27, dy=-31
uart:~$ uart:~$ [00:00:27.440,917] <inf> tps43: Sending movement: dx=-41, dy=-27
uart:~$ [00:00:27.453,582] <inf> tps43: Sending movement: dx=-50, dy=-18
uart:~$ [00:00:27.467,407] <inf> tps43: Sending movement: dx=-58, dy=-7
uart:~$ [00:00:27.479,766] <inf> tps43: Sending movement: dx=-59, dy=2
uart:~$ [00:00:27.492,462] <inf> tps43: Sending movement: dx=-52, dy=10
uart:~$ [00:00:27.505,859] <inf> tps43: Sending movement: dx=-45, dy=17
uart:~$ [00:00:27.518,829] <inf> tps43: Sending movement: dx=-40, dy=23
uart:~$ [00:00:27.532,165] <inf> tps43: Sending movement: dx=-32, dy=27
uart:~$ uart:~$ [00:00:27.544,860] <inf> tps43: Sending movement: dx=-18, dy=26
uart:~$ [00:00:27.557,952] <inf> tps43: Sending movement: dx=-10, dy=33
uart:~$ [00:00:27.571,472] <inf> tps43: Sending movement: dx=-4, dy=38
uart:~$ [00:00:27.585,144] <inf> tps43: Sending movement: dx=7, dy=41
uart:~$ [00:00:27.597,747] <inf> tps43: Sending movement: dx=22, dy=40
uart:~$ [00:00:27.610,809] <inf> tps43: Sending movement: dx=36, dy=38
uart:~$ [00:00:27.624,176] <inf> tps43: Sending movement: dx=46, dy=31
uart:~$ [00:00:27.637,512] <inf> tps43: Sending movement: dx=50, dy=20
uart:~$ uart:~$ [00:00:27.650,756] <inf> tps43: Sending movement: dx=54, dy=8
uart:~$ [00:00:27.663,421] <inf> tps43: Sending movement: dx=57, dy=-4
uart:~$ [00:00:27.676,696] <inf> tps43: Sending movement: dx=52, dy=-14
uart:~$ [00:00:27.689,483] <inf> tps43: Sending movement: dx=47, dy=-24
uart:~$ [00:00:27.702,941] <inf> tps43: Sending movement: dx=39, dy=-29
uart:~$ [00:00:27.716,033] <inf> tps43: Sending movement: dx=31, dy=-32
uart:~$ [00:00:27.729,522] <inf> tps43: Sending movement: dx=26, dy=-39
uart:~$ [00:00:27.742,523] <inf> tps43: Sending movement: dx=20, dy=-40
uart:~$ uart:~$ [00:00:27.755,615] <inf> tps43: Sending movement: dx=10, dy=-33
uart:~$ [00:00:27.768,768] <inf> tps43: Sending movement: dx=0, dy=-30
uart:~$ [00:00:27.781,494] <inf> tps43: Sending movement: dx=-9, dy=-30
uart:~$ [00:00:27.795,318] <inf> tps43: Sending movement: dx=-18, dy=-28
uart:~$ [00:00:27.808,380] <inf> tps43: Sending movement: dx=-26, dy=-24
uart:~$ [00:00:27.821,289] <inf> tps43: Sending movement: dx=-39, dy=-18
uart:~$ [00:00:27.834,930] <inf> tps43: Sending movement: dx=-45, dy=-9
uart:~$ [00:00:27.847,503] <inf> tps43: Sending movement: dx=-50, dy=1
uart:~$ uart:~$ [00:00:27.860,443] <inf> tps43: Sending movement: dx=-52, dy=9
uart:~$ [00:00:27.877,441] <inf> tps43: Sending movement: dx=-45, dy=18
uart:~$ [00:00:27.886,383] <inf> tps43: Sending movement: dx=-37, dy=22
uart:~$ [00:00:27.900,054] <inf> tps43: Sending movement: dx=-28, dy=25
uart:~$ [00:00:27.912,689] <inf> tps43: Sending movement: dx=-20, dy=26
uart:~$ [00:00:27.925,720] <inf> tps43: Sending movement: dx=-10, dy=28
uart:~$ [00:00:27.938,934] <inf> tps43: Sending movement: dx=-5, dy=35
uart:~$ [00:00:27.952,392] <inf> tps43: Sending movement: dx=2, dy=36
uart:~$ uart:~$ [00:00:27.965,484] <inf> tps43: Sending movement: dx=13, dy=34
uart:~$ [00:00:27.978,302] <inf> tps43: Sending movement: dx=27, dy=33
uart:~$ [00:00:27.991,699] <inf> tps43: Sending movement: dx=40, dy=27
uart:~$ [00:00:28.004,547] <inf> tps43: Sending movement: dx=46, dy=19
uart:~$ [00:00:28.018,096] <inf> tps43: Sending movement: dx=52, dy=9
uart:~$ [00:00:28.031,219] <inf> tps43: Sending movement: dx=49, dy=-1
uart:~$ [00:00:28.044,128] <inf> tps43: Sending movement: dx=45, dy=-11
uart:~$ [00:00:28.057,861] <inf> tps43: Sending movement: dx=37, dy=-18
uart:~$ uart:~$ [00:00:28.070,617] <inf> tps43: Sending movement: dx=28, dy=-22
uart:~$ [00:00:28.083,648] <inf> tps43: Sending movement: dx=18, dy=-22
uart:~$ [00:00:28.096,862] <inf> tps43: Sending movement: dx=9, dy=-21
uart:~$ [00:00:28.110,351] <inf> tps43: Sending movement: dx=4, dy=-22
uart:~$ [00:00:28.123,443] <inf> tps43: Sending movement: dx=-3, dy=-25
uart:~$ [00:00:28.136,413] <inf> tps43: Sending movement: dx=-16, dy=-26
uart:~$ [00:00:28.148,895] <inf> tps43: Sending movement: dx=-34, dy=-26
uart:~$ [00:00:28.161,193] <inf> tps43: Sending movement: dx=-55, dy=-17
uart:~$ uart:~$ [00:00:28.173,248] <inf> tps43: Touch state changed: up
uart:~$ uart:~$ 